City_ID,City,Country,Date,Lat,Lng,Max Temp,Humidity,Cloudiness,Wind Speed,Current Description,Rain inches (last 3 hrs),Snow inches (last 3 hrs)
0,Khatanga,RU,2020-02-23 09:52:15,71.97,102.5,15.3,85,100,13.31,overcast clouds,5.0,0.13
1,Sao Filipe,CV,2020-02-23 09:52:15,14.9,-24.5,68.47,80,100,17.36,overcast clouds,5.0,0.13
2,Albany,US,2020-02-23 09:52:15,42.6,-73.97,28.0,73,1,4.47,clear sky,5.0,0.13
3,Bahir Dar,ET,2020-02-23 09:52:15,11.59,37.39,84.18,19,0,8.25,clear sky,5.0,0.13
4,Butaritari,KI,2020-02-23 09:52:16,3.07,172.79,84.76,77,76,14.7,light rain,2.88,0.13
5,Milkovo,RU,2020-02-23 09:52:16,54.72,158.62,-3.01,84,3,2.93,clear sky,2.88,0.13
6,Ambanja,MG,2020-02-23 09:52:16,-13.68,48.45,89.6,70,75,2.24,broken clouds,2.88,0.13
7,Matara,LK,2020-02-23 09:47:47,5.95,80.54,88.52,59,69,9.66,light rain,0.19,0.13
8,Provideniya,RU,2020-02-23 09:52:16,64.38,-173.3,-9.81,100,53,2.95,broken clouds,0.19,0.13
9,Hilo,US,2020-02-23 09:52:17,19.73,-155.09,68.0,77,75,3.36,broken clouds,0.19,0.13
10,Vaini,TO,2020-02-23 09:52:17,-21.2,-175.2,78.8,94,75,10.29,broken clouds,0.19,0.13
11,Superior,US,2020-02-23 09:52:17,46.72,-92.1,30.2,92,90,6.93,mist,0.19,0.13
12,Busselton,AU,2020-02-23 09:52:17,-33.65,115.33,82.99,28,100,3.27,light rain,2.63,0.13
13,Ushuaia,AR,2020-02-23 09:50:57,-54.8,-68.3,48.2,70,75,14.99,light intensity drizzle,2.63,0.13
14,Hithadhoo,MV,2020-02-23 09:52:18,-0.6,73.08,82.92,78,85,15.14,overcast clouds,2.63,0.13
15,Harper,LR,2020-02-23 09:52:18,4.38,-7.72,83.37,85,72,2.64,broken clouds,2.63,0.13
16,Haines Junction,CA,2020-02-23 09:52:18,60.75,-137.51,5.76,90,70,4.97,broken clouds,2.63,0.13
17,Saldanha,ZA,2020-02-23 09:52:18,-33.01,17.94,84.2,20,0,11.41,clear sky,2.63,0.13
18,Lorengau,PG,2020-02-23 09:52:19,-2.02,147.27,84.18,68,41,7.47,scattered clouds,2.63,0.13
19,Illoqqortoormiut,PG,2020-02-23 09:52:19,-2.02,147.27,84.18,68,41,7.47,scattered clouds,2.63,0.13
20,Atuona,PF,2020-02-23 09:52:19,-9.8,-139.03,81.27,77,0,12.37,clear sky,2.63,0.13
21,Batticaloa,LK,2020-02-23 09:52:19,7.71,81.69,83.26,72,100,13.47,light rain,0.94,0.13
22,Awbari,LY,2020-02-23 09:52:19,26.59,12.78,56.01,46,0,13.76,clear sky,0.94,0.13
23,Yellowknife,CA,2020-02-23 09:52:19,62.46,-114.35,-9.0,76,90,5.82,light snow,0.94,0.13
24,Hadejia,NG,2020-02-23 09:52:20,12.45,10.04,82.18,13,31,20.29,scattered clouds,0.94,0.13
25,Rikitea,PF,2020-02-23 09:52:20,-23.12,-134.97,79.11,66,0,3.83,clear sky,0.94,0.13
26,Kapaa,US,2020-02-23 09:52:20,22.08,-159.32,73.4,88,20,11.41,few clouds,0.94,0.13
27,Lanquin,GT,2020-02-23 09:52:21,15.57,-89.97,60.22,99,98,1.97,light rain,0.5,0.94
28,Goya,AR,2020-02-23 09:52:21,-29.14,-59.26,56.64,65,100,4.92,overcast clouds,0.5,0.94
29,Bluff,NZ,2020-02-23 09:52:21,-46.6,168.33,57.0,84,37,7.0,scattered clouds,0.5,0.94
30,Punta Arenas,CL,2020-02-23 09:52:21,-53.15,-70.92,51.8,66,75,12.75,broken clouds,0.5,0.94
31,Hobart,AU,2020-02-23 09:52:21,-42.88,147.33,62.6,59,75,13.87,broken clouds,0.5,0.94
32,Omsukchan,RU,2020-02-23 09:52:21,62.53,155.8,-12.03,95,100,3.91,overcast clouds,0.5,0.94
33,Port Elizabeth,ZA,2020-02-23 09:52:22,-33.92,25.57,71.6,46,40,11.41,scattered clouds,0.5,0.94
34,Saint George,US,2020-02-23 09:52:22,37.1,-113.58,43.0,100,90,4.7,moderate rain,0.5,0.94
35,Saint-Philippe,RE,2020-02-23 09:52:22,-21.36,55.77,86.0,62,45,9.17,light rain,0.38,0.94
36,Taolanaro,RE,2020-02-23 09:52:22,-21.36,55.77,86.0,62,45,9.17,light rain,0.38,0.94
37,Rio Gallegos,AR,2020-02-23 09:52:22,-51.62,-69.22,51.8,50,1,27.51,clear sky,0.38,0.94
38,Ponta Delgada,PT,2020-02-23 09:52:23,37.73,-25.67,57.2,82,20,4.7,few clouds,0.38,0.94
39,Walvis Bay,NA,2020-02-23 09:52:23,-22.96,14.51,69.8,68,47,13.87,scattered clouds,0.38,0.94
40,Jamestown,US,2020-02-23 09:50:04,42.1,-79.24,37.0,58,1,6.93,clear sky,0.38,0.94
41,Sorland,NO,2020-02-23 09:52:23,67.67,12.69,35.6,80,75,34.45,shower rain,0.38,0.94
42,Mar Del Plata,AR,2020-02-23 09:52:23,-38.0,-57.56,55.99,100,0,4.7,clear sky,0.38,0.94
43,Arman,RU,2020-02-23 09:52:24,59.7,150.17,0.16,94,81,3.96,broken clouds,0.38,0.94
44,Tasiilaq,GL,2020-02-23 09:52:24,65.61,-37.64,8.6,71,0,3.36,clear sky,0.38,0.94
45,Namtsy,RU,2020-02-23 09:52:24,62.72,129.67,-22.0,74,100,2.24,overcast clouds,0.38,0.94
46,Flinders,AU,2020-02-23 09:52:24,-34.58,150.86,72.0,77,100,9.17,overcast clouds,0.38,0.94
47,Torbay,CA,2020-02-23 09:52:25,47.67,-52.73,30.0,86,90,12.75,light shower snow,0.38,0.25
48,Hasaki,JP,2020-02-23 09:52:25,35.73,140.83,48.2,31,20,10.29,few clouds,0.38,0.25
49,Hermanus,ZA,2020-02-23 09:52:25,-34.42,19.23,84.0,51,0,14.0,clear sky,0.38,0.25
50,Barrow,US,2020-02-23 09:50:02,71.29,-156.79,-20.2,68,75,10.29,broken clouds,0.38,0.25
51,Marcona,US,2020-02-23 09:50:02,71.29,-156.79,-20.2,68,75,10.29,broken clouds,0.38,0.25
52,Carnot,CF,2020-02-23 09:52:26,4.94,15.87,95.99,14,68,2.89,broken clouds,0.38,0.25
53,Georgetown,MY,2020-02-23 09:50:28,5.41,100.34,93.2,49,20,14.99,few clouds,0.38,0.25
54,Jalu,LY,2020-02-23 09:52:26,29.03,21.55,57.6,49,0,21.18,clear sky,0.38,0.25
55,Samusu,LY,2020-02-23 09:52:26,29.03,21.55,57.6,49,0,21.18,clear sky,0.38,0.25
56,Mataura,NZ,2020-02-23 09:52:26,-46.19,168.86,57.0,84,74,7.0,broken clouds,0.38,0.25
57,Saryozek,KZ,2020-02-23 09:52:27,44.36,77.98,32.47,99,100,4.41,overcast clouds,0.38,0.25
58,Siloam Springs,US,2020-02-23 09:52:27,36.19,-94.54,46.99,65,90,4.7,drizzle,0.38,0.25
59,Guerrero Negro,MX,2020-02-23 09:52:27,27.98,-114.06,57.29,77,100,15.35,overcast clouds,0.38,0.25
60,Hami,CN,2020-02-23 09:52:27,42.8,93.45,40.75,36,2,5.28,clear sky,0.38,0.25
61,Souillac,MU,2020-02-23 09:52:28,-20.52,57.52,84.2,74,75,6.93,broken clouds,0.38,0.25
62,Kiunga,PG,2020-02-23 09:52:28,-6.12,141.29,77.38,96,95,4.83,moderate rain,6.44,0.25
63,Luderitz,NA,2020-02-23 09:52:28,-26.65,15.16,78.8,50,0,19.46,clear sky,6.44,0.25
64,Vardo,NO,2020-02-23 09:52:28,70.37,31.11,30.2,80,75,10.29,broken clouds,6.44,0.25
65,Yanan,NO,2020-02-23 09:52:28,70.37,31.11,30.2,80,75,10.29,broken clouds,6.44,0.25
66,Verdalsora,NO,2020-02-23 09:52:28,70.37,31.11,30.2,80,75,10.29,broken clouds,6.44,0.25
67,East London,ZA,2020-02-23 09:52:29,-33.02,27.91,62.6,88,20,13.87,drizzle,6.44,0.25
68,Moose Factory,CA,2020-02-23 09:48:47,51.26,-80.61,10.4,85,90,8.05,overcast clouds,6.44,0.25
69,Manokwari,ID,2020-02-23 09:52:29,-0.87,134.08,75.9,88,100,12.3,light rain,1.63,0.25
70,Aripuana,BR,2020-02-23 09:52:29,-9.17,-60.63,73.06,99,100,0.89,light rain,2.38,0.25
71,Geraldton,AU,2020-02-23 09:52:29,-28.77,114.6,80.6,65,0,14.99,clear sky,2.38,0.25
72,Coihaique,CL,2020-02-23 09:52:30,-45.58,-72.07,53.6,76,50,5.82,scattered clouds,2.38,0.25
73,Luanda,AO,2020-02-23 09:52:30,-8.84,13.23,80.6,88,75,2.24,broken clouds,2.38,0.25
74,Acapulco,MX,2020-02-23 09:52:30,16.86,-99.89,73.4,88,5,3.42,clear sky,2.38,0.25
75,Bredasdorp,ZA,2020-02-23 09:52:30,-34.53,20.04,75.0,35,0,17.22,clear sky,2.38,0.25
76,Ribeira Grande,PT,2020-02-23 09:52:31,38.52,-28.7,59.0,67,75,6.93,broken clouds,2.38,0.25
77,Cadiz,ES,2020-02-23 09:52:31,36.5,-5.75,61.0,55,0,6.93,clear sky,2.38,0.25
78,Itacoatiara,BR,2020-02-23 09:52:20,-3.14,-58.44,75.07,96,100,2.44,overcast clouds,2.38,0.25
79,Saint Albans,GB,2020-02-23 09:48:14,51.75,-0.33,57.2,87,90,33.33,light rain,2.38,0.25
80,Kahului,US,2020-02-23 09:52:31,20.89,-156.47,71.6,100,40,6.93,scattered clouds,2.38,0.25
81,Hanstholm,DK,2020-02-23 09:52:32,57.12,8.62,44.01,78,51,7.0,broken clouds,2.38,0.25
82,Cabo San Lucas,MX,2020-02-23 09:52:32,22.89,-109.91,66.0,66,31,7.61,scattered clouds,2.38,0.25
83,Jhang,PK,2020-02-23 09:52:32,33.67,72.7,73.4,40,0,8.05,clear sky,2.38,0.25
84,Urucui,BR,2020-02-23 09:52:32,-7.23,-44.56,70.75,96,100,7.47,moderate rain,3.13,0.25
85,Madimba,TZ,2020-02-23 09:52:33,-10.4,40.33,87.8,74,75,17.22,broken clouds,3.13,0.25
86,Cayenne,GF,2020-02-23 09:52:33,4.93,-52.33,80.6,78,75,8.05,broken clouds,3.13,0.25
87,Teguise,ES,2020-02-23 09:52:33,29.06,-13.56,71.6,53,28,19.46,haze,3.13,0.25
88,Quelimane,MZ,2020-02-23 09:49:08,-17.88,36.89,92.82,53,99,3.15,overcast clouds,3.13,0.25
89,Norman Wells,CA,2020-02-23 09:52:33,65.28,-126.83,5.0,84,90,1.95,light snow,3.13,0.25
90,Bambous Virieux,MU,2020-02-23 09:52:34,-20.34,57.76,84.2,74,75,6.93,broken clouds,3.13,0.25
91,Iqaluit,CA,2020-02-23 09:52:05,63.75,-68.51,-31.0,59,40,19.46,scattered clouds,3.13,0.25
92,Zhigansk,RU,2020-02-23 09:52:34,66.77,123.37,-11.97,100,95,5.84,overcast clouds,3.13,0.25
93,Faya,SA,2020-02-23 09:52:34,18.39,42.45,73.4,31,100,20.8,overcast clouds,3.13,0.25
94,Muros,ES,2020-02-23 09:52:34,42.78,-9.06,61.0,100,0,1.12,fog,3.13,0.25
95,Vostok,RU,2020-02-23 09:52:35,46.49,135.88,5.5,98,99,3.11,overcast clouds,3.13,0.25
96,Port Alfred,ZA,2020-02-23 09:52:35,-33.59,26.89,73.0,66,88,5.01,light rain,0.25,0.25
97,Namibe,AO,2020-02-23 09:52:35,-15.2,12.15,74.59,73,47,5.55,scattered clouds,0.25,0.25
98,Alizai,PK,2020-02-23 09:52:35,33.54,70.35,64.13,35,0,4.27,clear sky,0.25,0.25
99,Tuktoyaktuk,CA,2020-02-23 09:52:35,69.45,-133.04,-4.41,97,94,4.23,overcast clouds,0.25,0.25
100,Ust-Maya,RU,2020-02-23 09:52:35,60.42,134.53,0.23,96,100,2.44,overcast clouds,0.25,0.25
101,Nago,JP,2020-02-23 09:52:36,26.59,127.98,64.4,63,20,11.41,few clouds,0.25,0.25
102,Arraial Do Cabo,BR,2020-02-23 09:49:28,-22.97,-42.03,71.6,88,75,6.93,broken clouds,0.25,0.25
103,Mys Shmidta,BR,2020-02-23 09:49:28,-22.97,-42.03,71.6,88,75,6.93,broken clouds,0.25,0.25
104,Zaltan,LY,2020-02-23 09:52:36,32.95,11.87,59.04,67,0,8.23,clear sky,0.25,0.25
105,Lastoursville,GA,2020-02-23 09:52:37,-0.81,12.73,84.36,66,100,4.0,overcast clouds,0.25,0.25
106,Constitucion,CL,2020-02-23 09:52:37,-35.33,-72.42,50.79,89,0,1.86,clear sky,0.25,0.25
107,Leningradskiy,RU,2020-02-23 09:52:37,69.38,178.42,-13.36,91,100,8.9,overcast clouds,0.25,0.25
108,Longyearbyen,SJ,2020-02-23 09:52:37,78.22,15.64,-2.2,64,20,12.75,few clouds,0.25,0.25
109,Nishihara,JP,2020-02-23 09:52:37,26.18,127.76,64.4,63,20,11.41,few clouds,0.25,0.25
110,Qaanaaq,GL,2020-02-23 09:52:37,77.48,-69.36,-13.05,92,100,1.57,overcast clouds,0.25,0.25
111,Tir Pol,GL,2020-02-23 09:52:37,77.48,-69.36,-13.05,92,100,1.57,overcast clouds,0.25,0.25
112,Sassandra,CI,2020-02-23 09:52:38,4.95,-6.08,84.54,74,91,5.21,overcast clouds,0.25,0.25
113,Dukat,RU,2020-02-23 09:52:38,62.55,155.55,-12.95,99,100,2.3,overcast clouds,0.25,0.25
114,Kruisfontein,ZA,2020-02-23 09:52:38,-34.0,24.73,67.06,48,61,8.3,broken clouds,0.25,0.25
115,Kaitangata,NZ,2020-02-23 09:52:38,-46.28,169.85,59.0,69,62,3.0,broken clouds,0.25,0.25
116,Hambantota,LK,2020-02-23 09:52:39,6.12,81.12,86.0,74,40,13.87,scattered clouds,0.25,0.25
117,Upernavik,GL,2020-02-23 09:52:39,72.79,-56.15,-15.36,88,60,3.62,broken clouds,0.25,0.25
118,Champerico,GT,2020-02-23 09:52:39,14.3,-91.92,74.12,82,0,2.86,clear sky,0.25,0.25
119,Coquimbo,CL,2020-02-23 09:52:39,-29.95,-71.34,57.2,93,40,5.35,scattered clouds,0.25,0.25
120,Hobyo,SO,2020-02-23 09:52:39,5.35,48.53,86.94,44,33,21.56,scattered clouds,0.25,0.25
121,Mount Pleasant,US,2020-02-23 09:49:01,32.79,-79.86,34.0,58,20,2.44,few clouds,0.25,0.25
122,Mahebourg,MU,2020-02-23 09:52:40,-20.41,57.7,84.2,74,75,6.93,broken clouds,0.25,0.25
123,Christchurch,NZ,2020-02-23 09:49:56,-43.53,172.63,60.01,82,0,8.05,clear sky,0.25,0.25
124,Puerto Ayora,EC,2020-02-23 09:52:40,-0.74,-90.35,77.0,100,30,4.74,scattered clouds,0.25,0.25
125,Matay,EG,2020-02-23 09:52:41,28.42,30.78,63.46,34,3,4.79,clear sky,0.25,0.25
126,Shache,CN,2020-02-23 09:52:41,38.42,77.24,61.2,12,23,7.29,few clouds,0.25,0.25
127,Lavrentiya,RU,2020-02-23 09:52:41,65.58,-171.0,-9.67,100,99,2.91,overcast clouds,0.25,0.25
128,Rio Grande,BR,2020-02-23 09:50:10,-32.03,-52.1,59.0,97,81,7.85,broken clouds,0.25,0.25
129,Broome,US,2020-02-23 09:52:42,42.25,-75.83,28.99,100,1,4.29,clear sky,0.25,1.0
130,Clyde River,CA,2020-02-23 09:52:42,70.47,-68.59,-29.2,73,75,11.41,haze,0.25,1.0
131,Yaan,NG,2020-02-23 09:52:42,7.38,8.57,92.41,10,53,7.7,broken clouds,0.25,1.0
132,Sitka,US,2020-02-23 09:52:42,57.05,-135.33,37.4,74,90,16.11,overcast clouds,0.25,1.0
133,Oksfjord,NO,2020-02-23 09:52:42,70.24,22.35,32.0,84,31,2.24,scattered clouds,0.25,1.0
134,Husavik,IS,2020-02-23 09:52:43,66.04,-17.34,20.07,67,29,9.01,scattered clouds,0.25,1.0
135,Talakan,RU,2020-02-23 09:52:43,50.32,130.37,8.15,94,91,0.98,overcast clouds,0.25,0.56
136,Moron,AR,2020-02-23 09:52:43,-34.65,-58.62,64.4,87,0,1.12,mist,0.25,0.63
137,Comodoro Rivadavia,AR,2020-02-23 09:48:16,-45.87,-67.5,66.2,39,0,8.05,clear sky,0.25,0.63
138,Nokaneng,BW,2020-02-23 09:52:44,-19.67,22.27,88.7,42,33,3.58,scattered clouds,0.25,0.63
139,Yerbogachen,RU,2020-02-23 09:52:44,61.28,108.01,18.66,95,100,5.55,overcast clouds,0.25,0.63
140,Tual,ID,2020-02-23 09:52:44,-5.67,132.75,82.69,77,40,11.74,light rain,0.88,0.63
141,Cherskiy,RU,2020-02-23 09:52:44,68.75,161.3,-24.29,95,93,6.87,overcast clouds,0.88,0.63
142,Bilibino,RU,2020-02-23 09:52:44,68.05,166.44,-28.1,100,98,0.72,overcast clouds,0.88,0.63
143,Lebu,CL,2020-02-23 09:52:45,-37.62,-73.65,49.19,93,0,1.14,clear sky,0.88,0.63
144,Nikolskoye,RU,2020-02-23 09:52:45,59.7,30.79,41.0,65,90,17.9,overcast clouds,0.88,0.63
145,Victoria,HK,2020-02-23 09:51:36,22.29,114.16,75.99,56,1,5.82,clear sky,0.88,0.63
146,Thompson,CA,2020-02-23 09:52:45,55.74,-97.86,12.2,72,90,6.93,overcast clouds,0.88,0.63
147,Tiksi,RU,2020-02-23 09:52:45,71.69,128.87,-10.89,91,100,6.06,overcast clouds,0.88,0.63
148,Rivadavia,AR,2020-02-23 09:52:46,-33.19,-68.46,60.8,72,0,5.01,clear sky,0.88,0.63
149,Cape Town,ZA,2020-02-23 09:48:08,-33.93,18.42,84.0,29,0,11.41,clear sky,0.88,0.63
150,Ponta Do Sol,PT,2020-02-23 09:52:46,32.67,-17.1,64.4,72,40,18.34,scattered clouds,0.88,0.63
151,Barentsburg,PT,2020-02-23 09:52:46,32.67,-17.1,64.4,72,40,18.34,scattered clouds,0.88,0.63
152,Lagos,NG,2020-02-23 09:52:46,6.58,3.75,87.8,79,75,4.41,broken clouds,0.88,0.63
153,Grootfontein,NA,2020-02-23 09:52:47,-19.57,18.12,77.34,60,88,11.48,light rain,1.75,0.63
154,Grand Gaube,MU,2020-02-23 09:52:47,-20.01,57.66,84.2,74,75,6.93,broken clouds,1.75,0.63
155,Palmer,US,2020-02-23 09:52:47,42.16,-72.33,32.0,85,1,3.65,clear sky,1.75,0.63
156,Kodiak,US,2020-02-23 09:52:47,57.79,-152.41,19.4,57,20,25.28,few clouds,1.75,0.63
157,Amderma,US,2020-02-23 09:52:47,57.79,-152.41,19.4,57,20,25.28,few clouds,1.75,0.63
158,Umm Lajj,SA,2020-02-23 09:52:48,25.02,37.27,73.02,20,100,9.37,overcast clouds,1.75,0.63
159,Gizo,SB,2020-02-23 09:52:48,-8.1,156.84,78.3,90,9,6.96,clear sky,1.75,0.63
160,Warqla,SB,2020-02-23 09:52:48,-8.1,156.84,78.3,90,9,6.96,clear sky,1.75,0.63
161,Atar,MR,2020-02-23 09:52:48,20.52,-13.05,87.8,18,100,29.97,overcast clouds,1.75,0.63
162,Bethel,US,2020-02-23 09:52:48,41.37,-73.41,33.01,79,1,4.12,clear sky,1.75,0.63
163,Abu Samrah,SY,2020-02-23 09:52:49,35.3,37.18,58.24,57,9,10.83,light rain,0.31,0.63
164,Fortuna,US,2020-02-23 09:52:49,40.6,-124.16,48.99,87,90,1.12,overcast clouds,0.31,0.63
165,Maghama,US,2020-02-23 09:52:49,40.6,-124.16,48.99,87,90,1.12,overcast clouds,0.31,0.63
166,Ixtapa,MX,2020-02-23 09:52:49,20.7,-105.2,73.0,100,75,4.7,broken clouds,0.31,0.63
167,Okhotsk,RU,2020-02-23 09:52:49,59.38,143.3,-10.75,97,0,2.3,clear sky,0.31,0.63
168,Camacha,PT,2020-02-23 09:52:49,33.08,-16.33,64.4,82,40,16.11,scattered clouds,0.31,0.63
169,Etropole,BG,2020-02-23 09:52:50,42.83,24.0,53.01,60,55,3.36,broken clouds,0.31,0.63
170,Tsihombe,BG,2020-02-23 09:52:50,42.83,24.0,53.01,60,55,3.36,broken clouds,0.31,0.63
171,Faanui,PF,2020-02-23 09:52:50,-16.48,-151.75,82.9,72,1,8.57,light rain,0.38,0.63
172,Palabuhanratu,PF,2020-02-23 09:52:50,-16.48,-151.75,82.9,72,1,8.57,light rain,0.38,0.63
173,Osoyoos,CA,2020-02-23 09:52:51,49.03,-119.45,35.6,74,90,2.24,overcast clouds,0.38,0.63
174,Nantucket,US,2020-02-23 09:52:51,41.28,-70.1,33.01,70,1,8.05,clear sky,0.38,0.63
175,Diffa,NE,2020-02-23 09:52:51,13.32,12.61,82.6,16,0,20.09,clear sky,0.38,0.63
176,Nabire,ID,2020-02-23 09:52:51,-3.37,135.48,76.55,97,100,1.14,moderate rain,4.94,0.63
177,Carnarvon,AU,2020-02-23 09:52:51,-24.87,113.63,82.4,54,0,14.99,clear sky,4.94,0.63
178,Kalnciems,LV,2020-02-23 09:52:51,56.8,23.61,42.8,79,90,12.75,overcast clouds,4.94,0.63
179,Alofi,NU,2020-02-23 09:52:52,-19.06,-169.92,80.17,87,100,12.84,light rain,1.13,0.63
180,Morlaix,FR,2020-02-23 09:52:52,48.58,-4.0,53.6,100,90,25.28,light rain,1.13,0.63
181,Laguna,US,2020-02-23 09:50:05,38.42,-121.42,52.0,87,1,9.17,clear sky,1.13,0.19
182,Egvekinot,RU,2020-02-23 09:52:53,66.32,-179.17,-33.54,99,0,1.66,clear sky,1.13,0.19
183,Dumai,ID,2020-02-23 09:52:53,1.68,101.45,89.78,52,51,5.41,broken clouds,1.13,0.19
184,Attawapiskat,ID,2020-02-23 09:52:53,1.68,101.45,89.78,52,51,5.41,broken clouds,1.13,0.19
185,Dubrovnik,HR,2020-02-23 09:52:53,42.65,18.09,55.4,37,67,3.36,broken clouds,1.13,0.19
186,Udachnyy,RU,2020-02-23 09:52:53,66.42,112.4,1.4,84,54,6.71,broken clouds,1.13,0.19
187,Sur,OM,2020-02-23 09:52:53,22.57,59.53,78.71,50,0,8.08,clear sky,1.13,0.19
188,Avarua,CK,2020-02-23 09:52:54,-21.21,-159.78,82.4,88,100,4.7,light rain,1.94,0.19
189,Ugoofaaru,MV,2020-02-23 09:52:54,5.67,73.0,83.25,79,100,21.41,overcast clouds,1.94,0.19
190,Manali,IN,2020-02-23 09:52:54,13.17,80.27,86.0,62,40,9.17,scattered clouds,1.94,0.19
191,Belushya Guba,IN,2020-02-23 09:52:54,13.17,80.27,86.0,62,40,9.17,scattered clouds,1.94,0.19
192,Kisangani,CD,2020-02-23 09:52:54,0.52,25.2,90.63,44,41,4.45,scattered clouds,1.94,0.19
193,Broken Hill,AU,2020-02-23 09:52:55,-31.95,141.43,84.2,37,75,19.46,broken clouds,1.94,0.19
194,Margate,GB,2020-02-23 09:52:55,51.38,1.39,55.99,82,75,32.21,light rain,1.94,0.19
195,Saint-Joseph,RE,2020-02-23 09:52:55,-21.37,55.62,86.0,62,46,9.17,scattered clouds,1.94,0.19
196,Evensk,RU,2020-02-23 09:52:55,61.95,159.23,-5.98,96,100,4.25,overcast clouds,1.94,0.19
197,Half Moon Bay,US,2020-02-23 09:52:55,37.46,-122.43,52.0,76,90,8.05,overcast clouds,1.94,0.19
198,Potiskum,NG,2020-02-23 09:52:56,11.71,11.07,82.8,14,0,19.19,clear sky,1.94,0.19
199,Corbeanca,RO,2020-02-23 09:52:56,44.6,26.05,48.0,65,100,16.11,overcast clouds,1.94,0.19
200,Chifeng,CN,2020-02-23 09:52:56,42.27,118.96,35.1,58,21,3.85,few clouds,1.94,0.19
201,Aktau,KZ,2020-02-23 09:52:51,43.65,51.2,50.0,71,100,6.71,overcast clouds,1.94,0.19
202,Minbu,MM,2020-02-23 09:52:56,20.18,94.88,94.46,20,68,7.38,broken clouds,1.94,0.19
203,Izacic,BA,2020-02-23 09:52:57,44.88,15.78,53.01,55,100,4.07,overcast clouds,1.94,0.19
204,Kalmunai,LK,2020-02-23 09:52:57,7.42,81.82,81.68,77,100,18.61,overcast clouds,1.94,0.19
205,Beitbridge,ZW,2020-02-23 09:52:57,-22.22,30.0,91.22,44,7,11.72,clear sky,1.94,0.13
206,Mount Isa,AU,2020-02-23 09:52:57,-20.73,139.5,77.0,88,75,16.11,heavy intensity shower rain,1.94,0.13
207,Naze,JP,2020-02-23 09:52:58,28.37,129.48,60.8,67,20,8.05,few clouds,1.94,0.13
208,Senanga,ZM,2020-02-23 09:52:58,-16.12,23.27,83.68,66,100,0.85,light rain,2.44,0.13
209,Villamontes,BO,2020-02-23 09:52:58,-21.25,-63.5,59.41,55,0,4.14,clear sky,2.44,0.13
210,College,US,2020-02-23 09:52:58,64.86,-147.8,-0.4,70,75,9.17,broken clouds,2.44,0.13
211,Torrington,US,2020-02-23 09:52:58,41.8,-73.12,32.0,54,1,3.62,clear sky,2.44,0.13
212,Chuy,UY,2020-02-23 09:52:59,-33.7,-53.46,57.22,91,0,3.13,clear sky,2.44,0.13
213,Marsa Matruh,EG,2020-02-23 09:52:59,31.35,27.25,55.96,73,68,14.38,light rain,1.75,0.13
214,Porto Velho,BR,2020-02-23 09:52:59,-8.76,-63.9,73.4,94,90,3.36,light rain,1.75,0.13
215,Bengkulu,ID,2020-02-23 09:52:59,-3.8,102.27,83.73,75,46,4.54,light rain,0.31,0.13
216,Sentyabrskiy,ID,2020-02-23 09:52:59,-3.8,102.27,83.73,75,46,4.54,light rain,0.31,0.13
217,Ballina,AU,2020-02-23 09:53:00,-28.87,153.57,69.8,94,100,11.41,light rain,2.5,0.13
218,Makakilo City,US,2020-02-23 09:52:57,21.35,-158.09,73.0,88,40,3.36,scattered clouds,2.5,0.13
219,Port Macquarie,AU,2020-02-23 09:53:00,-31.43,152.92,71.6,78,40,3.36,light intensity drizzle,2.5,0.13
220,Ginda,IN,2020-02-23 09:53:00,30.69,78.49,61.5,40,71,6.8,light rain,2.63,0.13
221,Saryg-Sep,RU,2020-02-23 09:53:00,51.5,95.6,22.87,91,100,3.29,overcast clouds,2.63,0.13
222,Maniitsoq,GL,2020-02-23 09:53:01,65.42,-52.9,11.35,58,100,10.33,overcast clouds,2.63,0.13
223,Irbeyskoye,RU,2020-02-23 09:53:01,55.64,95.45,23.29,87,100,3.71,overcast clouds,2.63,0.13
224,Ndjole,GA,2020-02-23 09:53:01,-0.18,10.76,84.25,70,100,3.49,overcast clouds,2.63,0.13
225,Asau,RO,2020-02-23 09:53:02,46.43,26.4,52.0,43,100,8.05,light rain,0.69,1.69
226,Nortelandia,BR,2020-02-23 09:53:02,-14.45,-56.8,66.81,99,100,1.41,light rain,1.38,1.69
227,Chokurdakh,RU,2020-02-23 09:53:02,70.63,147.92,-17.63,98,90,1.92,overcast clouds,1.38,1.69
228,Madhoganj,IN,2020-02-23 09:53:02,27.12,80.15,80.6,41,1,2.42,clear sky,1.38,1.69
229,Lapa,BR,2020-02-23 09:53:02,-25.77,-49.72,57.0,100,40,4.7,scattered clouds,1.38,1.69
230,Bandundu,CD,2020-02-23 09:53:03,-3.32,17.37,86.09,66,98,5.41,overcast clouds,1.38,1.69
231,Casablanca,MA,2020-02-23 09:53:03,33.59,-7.62,68.0,30,0,4.7,clear sky,1.38,1.69
232,Viedma,AR,2020-02-23 09:53:03,-40.81,-63.0,63.7,29,0,14.67,clear sky,1.38,1.69
233,Kavaratti,IN,2020-02-23 09:53:03,10.57,72.64,82.69,71,89,4.99,overcast clouds,1.38,1.69
234,Tessalit,ML,2020-02-23 09:53:04,20.2,1.01,79.81,11,6,17.69,clear sky,1.38,0.13
235,Dudinka,RU,2020-02-23 09:53:04,69.41,86.18,10.4,92,75,31.32,shower snow,1.38,0.13
236,Karaul,RU,2020-02-23 09:53:04,69.41,86.18,10.4,92,75,31.32,shower snow,1.38,0.13
237,Vila Franca Do Campo,PT,2020-02-23 09:53:04,37.72,-25.43,57.2,82,20,4.7,few clouds,1.38,0.13
238,Saint-Louis,SN,2020-02-23 09:53:04,16.33,-15.0,73.4,38,100,6.93,overcast clouds,1.38,0.13
239,Tongliao,CN,2020-02-23 09:53:05,43.61,122.27,39.6,40,95,8.93,overcast clouds,1.38,1.13
240,Cairns,AU,2020-02-23 09:48:49,-16.92,145.77,79.0,100,75,9.17,light intensity shower rain,1.38,1.13
241,Castro,BR,2020-02-23 09:53:05,-24.79,-50.01,52.74,96,100,5.88,overcast clouds,1.38,1.13
242,Vaitupu,BR,2020-02-23 09:53:05,-24.79,-50.01,52.74,96,100,5.88,overcast clouds,1.38,1.13
243,Nucsoara,RO,2020-02-23 09:53:06,45.33,24.78,33.96,92,87,5.46,overcast clouds,1.38,1.13
244,Ilulissat,GL,2020-02-23 09:53:06,69.22,-51.1,-0.4,49,9,5.82,clear sky,1.38,1.13
245,Portland,US,2020-02-23 09:51:15,45.52,-122.68,45.0,81,90,4.7,overcast clouds,1.38,1.13
246,Tonkino,RU,2020-02-23 09:53:06,57.37,46.46,29.61,84,100,19.28,overcast clouds,1.38,1.13
247,Lasa,IT,2020-02-23 09:53:06,46.62,10.7,48.99,93,75,3.36,light rain,1.38,1.13
248,Tautira,PF,2020-02-23 09:53:07,-17.73,-149.15,78.8,74,20,3.36,few clouds,1.38,1.13
249,Mehriz,IR,2020-02-23 09:53:07,31.59,54.43,66.2,16,0,11.41,clear sky,1.38,1.13
250,Haimen,CN,2020-02-23 09:53:07,23.19,116.61,73.4,43,15,8.95,few clouds,1.38,1.13
251,Port Arthur,CN,2020-02-23 09:53:07,38.8,121.27,45.0,52,0,13.42,clear sky,1.38,1.13
252,Riyadh,SA,2020-02-23 09:52:34,24.69,46.72,78.8,27,0,11.41,clear sky,1.38,1.13
253,Rawson,AR,2020-02-23 09:53:08,-43.3,-65.1,68.68,47,0,16.53,clear sky,1.38,1.13
254,Honiara,SB,2020-02-23 09:53:08,-9.43,159.95,82.4,88,20,1.9,few clouds,1.38,1.13
255,Chimore,BO,2020-02-23 09:53:08,-16.98,-65.13,66.16,97,98,0.67,overcast clouds,1.38,1.13
256,Manjeshwar,IN,2020-02-23 09:53:08,12.72,74.89,95.0,36,100,11.41,overcast clouds,1.38,1.13
257,New Norfolk,AU,2020-02-23 09:53:08,-42.78,147.06,62.6,59,75,13.87,broken clouds,1.38,1.13
258,Esperance,AU,2020-02-23 09:53:09,-33.87,121.9,69.8,77,90,20.8,overcast clouds,1.38,1.13
259,Alta Floresta,BR,2020-02-23 09:53:09,-9.88,-56.09,71.55,99,100,3.76,light rain,2.13,1.13
260,Bandarbeyla,SO,2020-02-23 09:53:09,9.49,50.81,78.21,72,71,16.62,broken clouds,2.13,1.13
261,Domoni,KM,2020-02-23 09:53:09,-12.26,44.53,85.6,73,100,12.37,moderate rain,5.06,1.13
262,Pinheiro Machado,BR,2020-02-23 09:53:09,-31.58,-53.38,55.99,4,0,10.0,clear sky,5.06,1.13
263,Damaturu,NG,2020-02-23 09:53:09,11.75,11.96,82.87,15,33,19.17,scattered clouds,5.06,1.13
264,Meyungs,NG,2020-02-23 09:53:09,11.75,11.96,82.87,15,33,19.17,scattered clouds,5.06,1.13
265,Pandan,PH,2020-02-23 09:53:10,14.05,124.17,79.36,80,2,24.99,light rain,1.38,1.13
266,Kavieng,PG,2020-02-23 09:53:10,-2.57,150.8,84.09,71,84,4.03,broken clouds,1.38,1.13
267,Dingle,PH,2020-02-23 09:53:10,11.0,122.67,78.76,78,33,14.85,light rain,0.44,1.13
268,Geelong,AU,2020-02-23 09:51:48,-38.15,144.36,73.4,93,75,6.93,broken clouds,0.44,1.13
269,Aklavik,CA,2020-02-23 09:53:11,68.22,-135.01,-2.2,77,90,6.93,light snow,0.44,1.13
270,Katsuura,JP,2020-02-23 09:53:12,35.13,140.3,52.0,37,20,16.11,few clouds,0.44,1.44
271,Lebowakgomo,ZA,2020-02-23 09:53:12,-24.2,29.5,77.0,72,90,16.11,overcast clouds,0.44,1.44
272,Coahuayana,MX,2020-02-23 09:53:12,18.73,-103.68,71.2,49,0,3.78,clear sky,0.44,1.44
273,Karaton,ID,2020-02-23 09:53:13,-6.34,106.1,87.8,70,40,9.17,light rain,0.38,1.44
274,Ulladulla,AU,2020-02-23 09:49:20,-35.35,150.47,71.01,77,100,9.17,overcast clouds,0.38,1.44
275,Manta,EC,2020-02-23 09:53:13,-0.95,-80.73,80.6,83,75,2.24,broken clouds,0.38,1.44
276,Kupino,RU,2020-02-23 09:53:13,54.37,77.3,24.67,91,94,2.24,overcast clouds,0.38,1.44
277,Komsomolskiy,UZ,2020-02-23 09:53:13,40.43,71.72,55.4,54,100,2.24,overcast clouds,0.38,1.44
278,Pisco,PE,2020-02-23 09:53:14,-13.7,-76.22,75.2,83,40,1.12,scattered clouds,0.38,1.44
279,Lata,PT,2020-02-23 09:53:14,40.16,-8.33,57.99,81,0,4.7,clear sky,0.38,1.44
280,Great Bend,US,2020-02-23 09:48:46,38.36,-98.76,42.8,86,1,5.82,clear sky,0.38,1.44
281,Along,IN,2020-02-23 09:53:14,28.17,94.77,74.14,43,54,4.03,broken clouds,0.38,1.44
282,Mitsamiouli,KM,2020-02-23 09:53:14,-11.38,43.28,86.0,79,40,2.24,scattered clouds,0.38,1.44
283,Tura,IN,2020-02-23 09:53:15,25.52,90.22,88.18,26,67,5.97,broken clouds,0.38,1.44
284,Balkhash,KZ,2020-02-23 09:53:15,46.84,74.98,26.6,73,0,20.13,clear sky,0.38,1.44
285,Newnan,US,2020-02-23 09:53:15,33.38,-84.8,37.4,86,1,1.54,clear sky,0.38,1.44
286,Marshall,US,2020-02-23 09:53:15,34.38,-86.33,39.0,59,40,5.82,scattered clouds,0.38,1.44
287,Jiroft,US,2020-02-23 09:53:15,34.38,-86.33,39.0,59,40,5.82,scattered clouds,0.38,1.44
288,Funadhoo,MV,2020-02-23 09:53:16,6.15,73.27,83.05,79,96,18.23,overcast clouds,0.38,1.44
289,Imbituba,BR,2020-02-23 09:53:16,-28.24,-48.67,62.6,100,0,5.82,clear sky,0.38,1.44
290,Rocha,UY,2020-02-23 09:53:16,-34.48,-54.33,51.4,92,0,2.98,clear sky,0.38,1.44
291,Bujaru,BR,2020-02-23 09:53:16,-1.51,-48.04,75.2,94,75,4.7,broken clouds,0.38,1.44
292,Hamilton,US,2020-02-23 09:53:16,39.18,-84.53,34.0,79,1,3.36,clear sky,0.38,1.44
293,Emilio Carranza,MX,2020-02-23 09:53:17,19.97,-96.61,69.03,81,82,9.06,broken clouds,0.38,1.44
294,San Patricio,MX,2020-02-23 09:53:17,19.22,-104.7,74.55,75,0,3.38,clear sky,0.38,1.44
295,Shaunavon,CA,2020-02-23 09:53:17,49.65,-108.42,19.33,81,0,9.31,clear sky,0.38,1.44
296,Antsohihy,MG,2020-02-23 09:53:17,-14.88,47.99,84.49,76,97,5.03,overcast clouds,0.38,1.44
297,Flin Flon,CA,2020-02-23 09:53:18,54.77,-101.86,28.96,93,100,8.37,overcast clouds,0.38,1.44
298,Rocky Mountain House,CA,2020-02-23 09:53:18,52.37,-114.92,12.92,73,0,3.24,clear sky,0.38,0.31
299,Kamenskoye,CA,2020-02-23 09:53:18,52.37,-114.92,12.92,73,0,3.24,clear sky,0.38,0.31
300,Acajutla,SV,2020-02-23 09:53:18,13.59,-89.83,81.48,64,0,11.39,clear sky,0.38,0.31
301,Cidreira,BR,2020-02-23 09:53:19,-30.18,-50.21,66.94,76,47,8.12,light rain,0.19,0.31
302,Narsaq,GL,2020-02-23 09:53:19,60.92,-46.05,24.8,68,100,11.41,light snow,0.19,0.31
303,Mokhsogollokh,RU,2020-02-23 09:53:19,61.47,128.92,-1.17,97,100,1.36,overcast clouds,0.19,0.31
304,Vila,PT,2020-02-23 09:50:45,42.03,-8.16,64.0,81,0,8.05,clear sky,0.19,0.31
305,Korla,CN,2020-02-23 09:53:19,41.76,86.15,46.99,50,32,4.0,scattered clouds,0.19,0.31
306,Kaihua,CN,2020-02-23 09:53:20,23.37,104.28,59.5,65,99,12.66,overcast clouds,0.19,0.31
307,Namie,JP,2020-02-23 09:53:20,37.48,141.0,41.0,100,75,19.46,light shower snow,0.19,0.31
308,Mandal,IN,2020-02-23 09:53:20,25.45,74.57,81.34,25,0,3.33,clear sky,0.19,0.31
309,Tuskegee,US,2020-02-23 09:53:20,32.42,-85.69,37.99,92,1,2.51,mist,0.19,0.31
310,Havre-Saint-Pierre,CA,2020-02-23 09:53:20,50.23,-63.6,28.4,86,90,13.87,overcast clouds,0.19,0.31
311,Mucuri,BR,2020-02-23 09:53:21,-18.09,-39.55,76.08,93,100,6.08,light rain,2.0,0.31
312,Altamira,BR,2020-02-23 09:51:48,-3.2,-52.21,73.09,99,100,2.19,overcast clouds,2.0,0.31
313,Iquique,CL,2020-02-23 09:53:21,-20.22,-70.14,71.6,68,75,3.42,broken clouds,2.0,0.31
314,Tambura,SS,2020-02-23 09:53:21,5.6,27.47,95.52,8,7,9.73,clear sky,2.0,0.31
315,Trollhattan,SE,2020-02-23 09:53:21,58.23,12.42,45.0,75,99,21.92,overcast clouds,2.0,0.31
316,Srandakan,ID,2020-02-23 09:53:22,-7.94,110.25,85.05,64,18,6.58,few clouds,2.0,0.31
317,Majene,ID,2020-02-23 09:53:22,-3.54,118.97,85.71,73,80,5.35,broken clouds,2.0,0.31
318,Lobito,AO,2020-02-23 09:53:22,-12.35,13.55,81.79,70,100,7.81,overcast clouds,2.0,0.31
319,Sao Joao Da Boa Vista,BR,2020-02-23 09:53:22,-21.97,-46.8,61.77,95,37,0.69,scattered clouds,2.0,0.31
320,Otradnaya,RU,2020-02-23 09:53:22,44.39,41.52,37.0,8,100,8.01,overcast clouds,2.0,0.31
321,Jacmel,HT,2020-02-23 09:53:23,18.23,-72.53,75.2,88,0,2.24,clear sky,2.0,0.19
322,Khasan,RU,2020-02-23 09:53:23,42.43,130.64,32.13,59,92,3.13,overcast clouds,2.0,0.19
323,Naugarzan,RU,2020-02-23 09:53:23,42.43,130.64,32.13,59,92,3.13,overcast clouds,2.0,0.19
324,Bocaranga,RU,2020-02-23 09:53:23,42.43,130.64,32.13,59,92,3.13,overcast clouds,2.0,0.19
325,Oskaloosa,US,2020-02-23 09:53:24,41.3,-92.64,37.99,92,1,6.93,clear sky,2.0,0.19
326,Westport,US,2020-02-23 09:53:06,41.14,-73.36,37.0,63,1,7.14,clear sky,2.0,0.19
327,Bonthe,SL,2020-02-23 09:53:24,7.53,-12.51,83.12,76,69,5.17,broken clouds,2.0,0.19
328,Kitimat,CA,2020-02-23 09:53:24,54.05,-128.65,33.8,80,90,13.87,overcast clouds,2.0,0.19
329,Saleaula,CA,2020-02-23 09:53:24,54.05,-128.65,33.8,80,90,13.87,overcast clouds,2.0,0.19
330,Ambon,ID,2020-02-23 09:53:25,-3.7,128.18,86.0,70,40,6.93,scattered clouds,2.0,0.19
331,Puerto Colombia,CO,2020-02-23 09:53:25,10.99,-74.95,77.0,78,94,16.11,overcast clouds,2.0,0.19
332,Hemsedal,NO,2020-02-23 09:53:25,60.86,8.55,26.01,69,0,5.01,clear sky,2.0,0.19
333,Staunton,US,2020-02-23 09:53:25,38.15,-79.07,30.0,49,1,6.91,clear sky,2.0,0.19
334,Alyangula,AU,2020-02-23 09:48:45,-13.85,136.42,86.0,79,100,3.36,overcast clouds,2.0,0.19
335,Mount Gambier,AU,2020-02-23 09:53:26,-37.83,140.77,64.4,77,34,10.29,scattered clouds,2.0,0.19
336,Brigantine,US,2020-02-23 09:53:26,39.41,-74.36,34.0,68,1,5.37,clear sky,2.0,0.19
337,Nemuro,JP,2020-02-23 09:53:26,43.32,145.57,28.4,86,75,5.82,light shower snow,2.0,0.19
338,George Town,MY,2020-02-23 09:50:17,5.41,100.34,93.2,49,20,14.99,few clouds,2.0,0.19
339,San,ML,2020-02-23 09:53:27,13.3,-4.9,85.8,9,0,16.87,clear sky,2.0,0.19
340,Meulaboh,ID,2020-02-23 09:53:27,4.14,96.13,84.99,69,11,11.21,few clouds,2.0,0.19
341,Maralal,KE,2020-02-23 09:53:27,1.1,36.7,80.15,44,44,18.92,scattered clouds,2.0,0.19
342,Teknaf,BD,2020-02-23 09:53:27,20.86,92.31,91.9,15,0,7.29,clear sky,2.0,0.19
343,Sechura,PE,2020-02-23 09:53:27,-5.56,-80.82,74.68,82,100,6.89,overcast clouds,2.0,0.19
344,Panama City,PA,2020-02-23 09:50:11,8.99,-79.52,78.01,88,98,4.7,overcast clouds,2.0,0.19
345,Maryborough,AU,2020-02-23 09:53:28,-25.53,152.7,77.0,75,100,5.93,light rain,0.25,0.19
346,Kazachinskoye,RU,2020-02-23 09:53:28,57.7,93.28,25.74,85,98,1.54,overcast clouds,0.25,0.19
347,Wanning,CN,2020-02-23 09:53:28,18.8,110.4,72.68,79,63,10.27,light rain,0.81,0.19
348,Kars,TR,2020-02-23 09:53:28,40.6,43.09,39.2,89,75,2.53,broken clouds,0.81,0.19
349,Touros,BR,2020-02-23 09:53:29,-5.2,-35.46,77.0,94,20,4.7,few clouds,0.81,0.19
350,Fengzhen,CN,2020-02-23 09:53:29,40.44,113.15,38.64,40,0,8.37,clear sky,0.81,0.19
351,Saint-Pierre,RE,2020-02-23 09:53:29,-21.34,55.48,86.0,62,46,9.17,scattered clouds,0.81,0.19
352,Peniche,PT,2020-02-23 09:53:29,39.36,-9.38,64.0,71,6,8.05,clear sky,0.81,0.19
353,Bull Savanna,JM,2020-02-23 09:53:29,17.89,-77.59,65.44,92,1,4.5,clear sky,0.81,0.19
354,Ljungby,SE,2020-02-23 09:53:29,56.83,13.94,41.0,86,75,17.22,light rain,0.81,0.19
355,Alotau,SE,2020-02-23 09:53:29,56.83,13.94,41.0,86,75,17.22,light rain,0.81,0.19
356,The Valley,AI,2020-02-23 09:50:43,18.22,-63.06,77.0,78,20,5.82,few clouds,0.81,0.19
357,Los Llanos De Aridane,ES,2020-02-23 09:53:30,28.66,-17.92,71.6,56,20,13.87,few clouds,0.81,0.19
358,Sistranda,ES,2020-02-23 09:53:30,63.73,8.83,37.4,74,75,27.51,few clouds,0.81,0.19
359,El Wasta,ES,2020-02-23 09:53:30,63.73,8.83,37.4,74,75,27.51,few clouds,0.81,0.19
360,Yulara,AU,2020-02-23 09:53:31,-25.24,130.99,96.8,5,0,13.87,clear sky,0.81,0.19
361,Palana,RU,2020-02-23 09:53:31,59.12,159.97,7.74,81,100,6.11,overcast clouds,0.81,0.19
362,Isangel,VU,2020-02-23 09:53:31,-19.55,169.27,77.0,83,20,3.36,few clouds,0.81,0.19
363,Linxia,CN,2020-02-23 09:49:23,35.6,103.21,44.65,24,100,2.24,overcast clouds,0.81,0.19
364,Porterville,US,2020-02-23 09:53:31,36.07,-119.02,50.0,81,1,1.07,clear sky,0.81,0.19
365,Miracema Do Tocantins,BR,2020-02-23 09:53:32,-9.56,-48.4,71.65,96,3,1.86,clear sky,0.81,0.19
366,Salalah,OM,2020-02-23 09:53:32,17.02,54.09,80.6,61,0,6.93,clear sky,0.81,0.19
367,Borba,BR,2020-02-23 09:53:32,-4.39,-59.59,74.35,96,100,1.5,overcast clouds,0.81,0.19
368,Alfredo Chaves,BR,2020-02-23 09:53:32,-20.64,-40.75,72.0,94,90,19.46,overcast clouds,0.81,0.19
369,Lagoa,PT,2020-02-23 09:53:32,39.05,-27.98,58.42,74,1,6.53,clear sky,0.81,0.19
370,Gorontalo,ID,2020-02-23 09:50:39,0.54,123.06,83.44,70,89,3.87,light rain,0.56,0.13
371,Carauari,BR,2020-02-23 09:53:33,-4.88,-66.9,73.22,99,100,2.13,overcast clouds,0.56,0.13
372,Sinjai,ID,2020-02-23 09:53:33,-5.12,120.25,86.11,69,75,10.49,broken clouds,0.56,0.13
373,Paradwip,ID,2020-02-23 09:53:33,-5.12,120.25,86.11,69,75,10.49,broken clouds,0.56,0.13
374,Lewiston,US,2020-02-23 09:53:34,44.1,-70.21,27.0,73,1,3.36,clear sky,0.56,0.13
375,Kirya,TZ,2020-02-23 09:53:34,-3.92,37.48,88.12,44,59,14.83,broken clouds,0.56,0.94
376,Sokoni,TZ,2020-02-23 09:53:34,-6.43,39.55,89.6,66,75,8.05,broken clouds,0.56,0.94
377,Yumen,CN,2020-02-23 09:53:34,40.28,97.2,45.21,20,0,29.89,clear sky,0.56,0.94
378,Gravdal,NO,2020-02-23 09:53:35,68.12,13.5,35.6,80,75,34.45,shower rain,0.56,0.94
379,Fort Nelson,CA,2020-02-23 09:53:35,58.81,-122.7,14.0,72,5,3.29,clear sky,0.56,0.94
380,Rambha,IN,2020-02-23 09:53:35,19.52,85.1,85.39,33,0,10.74,clear sky,0.56,0.94
381,Vanavara,RU,2020-02-23 09:53:35,60.34,102.28,24.28,88,100,8.43,overcast clouds,0.56,0.94
382,Kupang,ID,2020-02-23 09:53:36,-10.17,123.58,82.4,83,75,9.17,broken clouds,0.56,0.94
383,Uray,RU,2020-02-23 09:53:36,60.12,64.78,31.14,93,63,11.3,broken clouds,0.56,0.94
384,Matagami,CA,2020-02-23 09:53:36,49.75,-77.63,30.2,74,75,5.82,broken clouds,0.56,0.94
385,Sundumbili,ZA,2020-02-23 09:53:36,-29.13,31.4,71.6,73,75,10.29,broken clouds,0.56,0.94
386,Keti Bandar,PK,2020-02-23 09:53:36,24.14,67.45,85.48,29,0,4.18,clear sky,0.56,0.94
387,Lucena,PH,2020-02-23 09:50:18,13.93,121.62,81.0,78,51,8.01,light rain,0.31,0.94
388,Jimo,CN,2020-02-23 09:53:37,36.39,120.46,46.99,65,0,17.9,clear sky,0.31,0.94
389,Ngukurr,CN,2020-02-23 09:53:37,36.39,120.46,46.99,65,0,17.9,clear sky,0.31,0.94
390,Eston,CA,2020-02-23 09:53:37,51.15,-108.75,18.0,72,5,19.46,clear sky,0.31,0.94
391,Biltine,TD,2020-02-23 09:53:37,14.53,20.92,87.06,8,0,13.2,clear sky,0.31,0.94
392,Morales,CO,2020-02-23 09:53:38,2.76,-76.62,61.97,95,87,1.59,overcast clouds,0.31,0.94
393,Maragogi,BR,2020-02-23 09:52:10,-9.01,-35.22,80.46,80,100,8.75,light rain,2.5,0.94
394,Formoso Do Araguaia,BR,2020-02-23 09:52:10,-9.01,-35.22,80.46,80,100,8.75,light rain,2.5,0.94
395,Vao,NC,2020-02-23 09:53:38,-22.67,167.48,78.89,74,41,18.12,light rain,0.13,0.94
396,Malakal,SS,2020-02-23 09:53:38,9.53,31.66,95.22,7,1,11.18,clear sky,0.13,0.94
397,Bauchi,NG,2020-02-23 09:53:39,10.5,10.0,81.45,13,2,10.11,clear sky,0.13,0.94
398,Port Hedland,AU,2020-02-23 09:53:39,-20.32,118.57,91.4,52,97,12.75,overcast clouds,0.13,0.94
399,Airai,TL,2020-02-23 09:53:39,-8.93,125.41,74.86,86,41,2.84,light rain,2.44,0.94
400,Riberalta,BO,2020-02-23 09:53:39,-10.98,-66.1,68.0,94,75,3.96,broken clouds,2.44,0.94
401,Mitchell,US,2020-02-23 09:53:39,43.71,-98.03,33.8,69,1,9.17,clear sky,2.44,0.94
402,Srednekolymsk,RU,2020-02-23 09:53:40,67.45,153.68,-27.74,100,54,1.3,broken clouds,2.44,0.94
403,Melfort,CA,2020-02-23 09:53:40,52.87,-104.62,30.2,80,1,16.11,clear sky,2.44,0.94
404,Varkkallai,IN,2020-02-23 09:53:40,8.73,76.71,89.6,55,20,6.93,few clouds,2.44,0.94
405,Vallenar,CL,2020-02-23 09:53:40,-28.57,-70.76,55.94,90,0,1.86,clear sky,2.44,0.94
406,Chicama,PE,2020-02-23 09:53:40,-7.84,-79.15,71.6,94,75,5.82,mist,2.44,0.94
407,Whitehorse,CA,2020-02-23 09:53:41,60.72,-135.05,15.8,66,90,10.29,overcast clouds,2.44,0.94
408,Pozo Colorado,PY,2020-02-23 09:53:41,-23.49,-58.8,55.62,63,0,4.83,clear sky,2.44,0.94
409,Ardistan,PY,2020-02-23 09:53:41,-23.49,-58.8,55.62,63,0,4.83,clear sky,2.44,0.94
410,Olinda,BR,2020-02-23 09:48:49,-8.01,-34.86,78.8,88,40,4.7,light rain,2.44,0.94
411,Bahia Blanca,AR,2020-02-23 09:53:42,-38.72,-62.27,58.46,33,0,14.79,clear sky,2.44,0.94
412,Hearst,CA,2020-02-23 09:53:42,49.68,-83.67,26.24,97,100,2.84,overcast clouds,2.44,2.06
413,Vanimo,PG,2020-02-23 09:53:42,-2.67,141.3,83.46,78,0,17.81,clear sky,2.44,2.06
414,Luganville,VU,2020-02-23 09:53:42,-15.53,167.17,82.4,78,40,6.93,scattered clouds,2.44,2.06
415,Beisfjord,NO,2020-02-23 09:53:43,68.38,17.6,35.6,97,75,42.5,shower rain,2.44,2.06
416,Pangnirtung,CA,2020-02-23 09:53:43,66.15,-65.71,-35.39,96,29,2.3,scattered clouds,2.44,2.06
417,Concepcion Del Uruguay,AR,2020-02-23 09:53:43,-32.48,-58.24,57.99,90,0,5.66,clear sky,2.44,2.06
418,Moussoro,TD,2020-02-23 09:53:43,13.64,16.49,81.61,12,0,19.1,clear sky,2.44,2.06
419,Burica,TD,2020-02-23 09:53:43,13.64,16.49,81.61,12,0,19.1,clear sky,2.44,2.06
420,Lang Son,VN,2020-02-23 09:53:44,21.83,106.73,74.82,45,48,4.74,scattered clouds,2.44,2.06
421,Clarence Town,AU,2020-02-23 09:53:44,-32.58,151.78,73.0,73,90,9.17,overcast clouds,2.44,2.06
422,Puerto Leguizamo,CO,2020-02-23 09:53:44,-0.19,-74.78,73.0,99,100,3.44,moderate rain,4.19,2.06
423,Cockburn Town,TC,2020-02-23 09:53:44,21.46,-71.14,75.79,78,31,21.21,scattered clouds,4.19,2.06
424,Sinnamary,GF,2020-02-23 09:53:44,5.38,-52.95,78.91,83,100,16.8,light rain,0.31,2.06
425,Lima,PE,2020-02-23 09:53:45,-12.04,-77.03,75.2,83,75,5.82,broken clouds,0.31,2.06
426,Voh,NC,2020-02-23 09:53:45,-20.97,164.7,80.53,78,13,16.44,few clouds,0.31,2.06
427,Ngunguru,NZ,2020-02-23 09:53:45,-35.62,174.5,60.01,76,0,3.0,clear sky,0.31,2.06
428,Berdigestyakh,RU,2020-02-23 09:53:45,62.1,126.7,-4.25,98,100,3.04,overcast clouds,0.31,2.06
429,Lyubeshiv,RU,2020-02-23 09:53:45,62.1,126.7,-4.25,98,100,3.04,overcast clouds,0.31,2.06
430,Itarema,BR,2020-02-23 09:53:46,-2.92,-39.92,73.67,94,100,3.85,overcast clouds,0.31,2.06
431,Hrebinka,UA,2020-02-23 09:53:46,50.12,32.44,37.36,93,100,16.15,light rain,1.44,2.06
432,Nguiu,UA,2020-02-23 09:53:46,50.12,32.44,37.36,93,100,16.15,light rain,1.44,2.06
433,Soyo,AO,2020-02-23 09:53:46,-6.13,12.37,79.77,88,100,7.29,moderate rain,7.5,2.06
434,Bileca,BA,2020-02-23 09:53:01,42.87,18.43,55.4,37,58,3.36,broken clouds,7.5,2.06
435,Kununurra,AU,2020-02-23 09:53:47,-15.77,128.73,96.8,32,63,3.36,broken clouds,7.5,2.06
436,Cortez,US,2020-02-23 09:53:47,37.35,-108.59,35.6,93,1,4.7,clear sky,7.5,2.06
437,Santa Cruz De Tenerife,ES,2020-02-23 09:53:47,28.47,-16.25,73.0,67,97,17.22,overcast clouds,7.5,2.06
438,Pangai,TO,2020-02-23 09:53:47,-19.8,-174.35,80.29,87,0,20.78,light rain,2.0,2.06
439,Kuzhener,RU,2020-02-23 09:53:47,56.81,48.91,25.66,89,100,22.15,overcast clouds,2.0,2.06
440,Avera,US,2020-02-23 09:53:48,33.19,-82.53,36.0,100,1,1.05,clear sky,2.0,2.06
441,Galle,LK,2020-02-23 09:51:08,6.04,80.22,81.03,81,72,13.42,broken clouds,2.0,2.06
442,Poum,NC,2020-02-23 09:53:48,-20.23,164.02,80.91,76,33,16.71,scattered clouds,2.0,2.06
443,Swellendam,ZA,2020-02-23 09:53:48,-34.02,20.44,73.4,35,1,17.22,clear sky,2.0,2.06
444,Ahipara,NZ,2020-02-23 09:53:48,-35.17,173.17,60.01,85,2,20.42,clear sky,2.0,2.06
445,Vila Velha,BR,2020-02-23 09:53:49,-20.33,-40.29,72.0,94,90,19.46,light rain,2.0,2.06
446,Derzhavinsk,KZ,2020-02-23 09:53:49,51.1,66.32,24.87,88,100,2.95,overcast clouds,2.0,2.06
447,Labuan,MY,2020-02-23 09:53:49,5.28,115.24,86.0,78,75,14.99,broken clouds,2.0,2.06
448,Nikel,RU,2020-02-23 09:53:49,69.41,30.22,28.4,92,90,1.12,fog,2.0,2.06
449,Clarksburg,US,2020-02-23 09:53:49,39.28,-80.34,30.99,46,1,4.79,clear sky,2.0,2.06
450,Srisailam,IN,2020-02-23 09:53:50,16.08,78.87,86.77,29,32,8.7,scattered clouds,2.0,2.06
451,Makung,IN,2020-02-23 09:53:50,16.08,78.87,86.77,29,32,8.7,scattered clouds,2.0,2.06
452,Jinchang,CN,2020-02-23 09:53:50,38.5,102.17,45.32,22,100,4.99,overcast clouds,2.0,2.06
453,Dalbandin,PK,2020-02-23 09:53:50,28.89,64.41,75.61,25,0,7.09,clear sky,2.0,2.06
454,Buraydah,SA,2020-02-23 09:49:47,26.33,43.98,73.4,43,40,9.17,scattered clouds,2.0,2.06
455,Tilaran,CR,2020-02-23 09:53:51,10.47,-84.97,68.0,88,88,30.0,overcast clouds,2.0,2.06
456,Yabrud,SY,2020-02-23 09:53:51,33.97,36.66,48.2,93,75,3.36,mist,2.0,2.06
457,Togur,RU,2020-02-23 09:53:51,58.36,82.83,17.22,88,54,2.17,broken clouds,2.0,2.06
458,Itamarandiba,BR,2020-02-23 09:53:51,-17.86,-42.86,64.71,98,93,4.79,overcast clouds,2.0,2.06
459,Palmerston,AU,2020-02-23 09:53:52,-12.49,130.98,86.0,79,40,16.11,scattered clouds,2.0,2.06
460,Pousat,RU,2020-02-23 09:53:52,51.72,103.7,14.63,93,100,3.87,light snow,2.0,0.19
461,Pimentel,PE,2020-02-23 09:53:52,-6.84,-79.93,77.0,78,75,6.93,broken clouds,2.0,0.19
462,Tuatapere,NZ,2020-02-23 09:53:52,-46.13,167.68,57.0,84,12,7.0,few clouds,2.0,0.19
463,Longlac,NZ,2020-02-23 09:53:52,-46.13,167.68,57.0,84,12,7.0,few clouds,2.0,0.19
464,Tromso,NO,2020-02-23 09:53:53,69.65,18.96,37.4,80,75,38.03,shower rain,2.0,0.19
465,Mnogovershinnyy,RU,2020-02-23 09:53:53,53.94,139.92,-1.23,95,20,2.21,few clouds,2.0,0.19
466,Fethiye,TR,2020-02-23 09:53:53,36.62,29.12,59.0,54,20,4.7,few clouds,2.0,0.19
467,Kieta,PG,2020-02-23 09:53:53,-6.22,155.63,84.42,72,100,0.92,light rain,0.13,0.19
468,Tazmalt,DZ,2020-02-23 09:53:53,36.39,4.4,51.8,57,0,14.99,clear sky,0.13,0.19
469,Boulder,US,2020-02-23 09:53:51,40.08,-105.35,39.99,64,75,3.36,broken clouds,0.13,0.19
470,Aquiraz,BR,2020-02-23 09:53:54,-3.9,-38.39,75.99,88,75,3.36,broken clouds,0.13,0.19
471,Guanica,PR,2020-02-23 09:53:54,17.97,-66.91,77.0,89,1,3.31,clear sky,0.13,0.19
472,Semenyih,MY,2020-02-23 09:53:54,2.95,101.84,91.4,70,40,8.05,scattered clouds,0.13,0.19
473,Chupei,MY,2020-02-23 09:53:54,2.95,101.84,91.4,70,40,8.05,scattered clouds,0.13,0.19
474,Kaeo,NZ,2020-02-23 09:53:55,-35.1,173.78,60.01,85,0,18.43,clear sky,0.13,0.19
475,Mmabatho,ZA,2020-02-23 09:53:55,-25.85,25.63,82.4,51,40,6.93,scattered clouds,0.13,0.19
476,Waipawa,NZ,2020-02-23 09:53:55,-41.41,175.52,57.2,71,0,8.05,clear sky,0.13,0.19
477,Coxim,BR,2020-02-23 09:53:56,-18.51,-54.76,71.04,97,99,1.1,overcast clouds,0.13,1.0
478,Talnakh,RU,2020-02-23 09:53:56,69.49,88.4,10.4,92,75,31.32,shower snow,0.13,1.0
479,Pipar,IN,2020-02-23 09:53:56,26.39,73.54,82.04,28,0,4.92,clear sky,0.13,1.0
480,Sangin,AF,2020-02-23 09:53:56,32.07,64.84,67.21,30,37,2.84,scattered clouds,0.13,1.0
481,Belyy Yar,RU,2020-02-23 09:53:57,53.6,91.39,28.4,68,100,11.18,overcast clouds,0.13,1.0
482,General Roca,AR,2020-02-23 09:53:57,-39.03,-67.58,62.6,72,0,8.03,clear sky,0.13,1.0
483,Biak,ID,2020-02-23 09:53:57,-0.91,122.88,86.14,71,98,7.23,light rain,1.31,1.0
484,Olmos,PE,2020-02-23 09:53:57,-5.98,-79.75,60.01,90,97,1.19,overcast clouds,1.31,1.0
485,Puerto Escondido,MX,2020-02-23 09:53:57,15.85,-97.07,69.62,57,0,4.88,clear sky,1.31,1.0
486,Tabira,BR,2020-02-23 09:53:58,-7.59,-37.54,69.58,97,61,2.24,light rain,0.69,1.0
487,Rey Bouba,CM,2020-02-23 09:53:58,8.67,14.18,89.87,8,2,5.5,clear sky,0.69,1.0
488,Tadine,NC,2020-02-23 09:53:58,-21.55,167.88,76.3,80,43,11.9,scattered clouds,0.69,1.0
489,Loiza,PR,2020-02-23 09:53:58,18.43,-65.88,75.2,69,1,5.66,clear sky,0.69,1.0
490,Sisimiut,GL,2020-02-23 09:53:58,66.94,-53.67,-4.86,55,0,6.26,clear sky,0.69,1.0
491,Acuna,GL,2020-02-23 09:53:58,66.94,-53.67,-4.86,55,0,6.26,clear sky,0.69,1.0
492,Yar-Sale,RU,2020-02-23 09:53:59,66.83,70.83,28.63,88,79,21.18,broken clouds,0.69,1.0
493,Dunedin,NZ,2020-02-23 09:51:08,-45.87,170.5,59.0,69,100,1.01,overcast clouds,0.69,1.0
494,Uchiza,PE,2020-02-23 09:53:59,-8.46,-76.46,63.79,97,100,1.12,light rain,2.44,1.0
495,Finschhafen,PG,2020-02-23 09:53:59,-6.6,147.87,82.72,82,85,18.61,overcast clouds,2.44,1.0
496,Gat,IL,2020-02-23 09:49:46,31.61,34.76,64.99,55,75,1.12,broken clouds,2.44,1.0
497,Grand River South East,IL,2020-02-23 09:49:46,31.61,34.76,64.99,55,75,1.12,broken clouds,2.44,1.0
498,Miura,JP,2020-02-23 09:54:00,35.14,139.62,53.01,37,20,16.11,few clouds,2.44,0.75
499,Atambua,ID,2020-02-23 09:54:00,-9.11,124.89,80.29,82,29,5.21,light rain,1.13,0.75
500,Mehamn,NO,2020-02-23 09:54:01,71.04,27.85,24.19,82,0,5.57,clear sky,1.13,0.75
501,Suba,PH,2020-02-23 09:54:01,10.84,121.01,79.83,78,16,25.55,few clouds,1.13,0.75
502,Aguie,NE,2020-02-23 09:54:01,13.51,7.78,81.19,12,0,19.86,clear sky,1.13,0.75
503,Wamba,NG,2020-02-23 09:54:01,8.93,8.6,95.34,10,1,2.24,clear sky,1.13,0.75
504,Hovd,MN,2020-02-23 09:52:52,48.01,91.64,35.83,39,80,1.52,broken clouds,1.13,0.75
505,Umzimvubu,PL,2020-02-23 09:54:02,54.03,22.51,39.74,68,98,23.42,light snow,1.13,0.13
506,Jardim,BR,2020-02-23 09:54:02,-21.48,-56.14,59.77,70,0,0.83,clear sky,1.13,0.13
507,Shubarshi,KZ,2020-02-23 09:54:02,48.59,57.19,26.29,87,100,11.9,overcast clouds,1.13,0.13
508,Lompoc,US,2020-02-23 09:54:02,34.64,-120.46,54.0,81,90,3.36,overcast clouds,1.13,0.13
509,Yangjiang,CN,2020-02-23 09:54:03,21.85,111.97,79.0,51,22,9.46,few clouds,1.13,0.13
510,Saint-Paul,RE,2020-02-23 09:54:03,-21.01,55.27,86.0,62,99,6.93,overcast clouds,1.13,0.13
511,Denau,RE,2020-02-23 09:54:03,-21.01,55.27,86.0,62,99,6.93,overcast clouds,1.13,0.13
512,Malanje,AO,2020-02-23 09:54:03,-9.54,16.34,73.47,90,100,7.63,moderate rain,3.63,0.13
513,Noumea,NC,2020-02-23 09:54:04,-22.28,166.46,82.99,65,20,8.05,few clouds,3.63,0.13
514,Honningsvag,NO,2020-02-23 09:54:04,70.98,25.97,34.68,75,20,8.39,few clouds,3.63,0.13
515,Darhan,MN,2020-02-23 09:54:04,49.49,105.92,18.86,92,46,3.83,scattered clouds,3.63,0.13
516,Jiddah,MN,2020-02-23 09:54:04,49.49,105.92,18.86,92,46,3.83,scattered clouds,3.63,0.13
517,Lexington,US,2020-02-23 09:54:04,37.99,-84.48,32.0,54,1,5.82,clear sky,3.63,0.13
518,Hua Hin,TH,2020-02-23 09:54:05,12.57,99.96,87.8,45,20,9.17,few clouds,3.63,0.13
519,Cochrane,CA,2020-02-23 09:52:50,51.18,-114.47,21.99,79,20,2.24,few clouds,3.63,0.13
520,Nouadhibou,MR,2020-02-23 09:54:05,20.93,-17.03,62.6,82,75,8.05,broken clouds,3.63,0.13
521,Bathsheba,BB,2020-02-23 09:54:05,13.22,-59.52,75.2,88,20,2.24,few clouds,3.63,0.13
522,Ancud,CL,2020-02-23 09:54:05,-41.87,-73.82,50.0,100,20,9.17,few clouds,3.63,0.13
523,Ozgon,CL,2020-02-23 09:54:05,-41.87,-73.82,50.0,100,20,9.17,few clouds,3.63,0.13
524,Krutinka,RU,2020-02-23 09:54:06,56.01,71.51,16.45,88,23,1.54,few clouds,3.63,0.13
525,Sheridan,US,2020-02-23 09:51:16,44.83,-106.92,28.4,57,1,1.54,clear sky,3.63,0.13
526,Kant,IN,2020-02-23 09:54:06,27.8,79.8,80.22,41,7,1.79,clear sky,3.63,0.13
527,San Jose,US,2020-02-23 09:51:56,37.34,-121.89,52.0,87,1,2.75,clear sky,3.63,0.13
528,Jiran,IN,2020-02-23 09:54:07,24.32,74.88,83.71,23,0,4.59,clear sky,3.63,0.13
529,Kambove,CD,2020-02-23 09:54:07,-10.88,26.6,74.7,88,100,3.36,light rain,2.94,0.13
530,Sinjar,IQ,2020-02-23 09:54:07,36.32,41.88,55.99,64,0,3.98,clear sky,2.94,0.13
531,Adrar,MR,2020-02-23 09:54:07,20.5,-10.07,79.56,11,70,20.15,broken clouds,2.94,0.13
532,Sumbawa,MR,2020-02-23 09:54:07,20.5,-10.07,79.56,11,70,20.15,broken clouds,2.94,0.13
533,Sao Joao Da Barra,BR,2020-02-23 09:54:08,-21.64,-41.05,71.6,83,75,9.17,broken clouds,2.94,0.13
534,Araouane,ML,2020-02-23 09:54:08,18.9,-3.53,81.75,8,53,13.33,broken clouds,2.94,0.13
535,Hazorasp,UZ,2020-02-23 09:54:08,41.32,61.07,51.8,53,71,11.41,broken clouds,2.94,0.13
536,Kimberley,ZA,2020-02-23 09:54:08,-28.73,24.76,75.2,53,0,10.29,clear sky,2.94,0.13
537,Burnie,AU,2020-02-23 09:54:09,-41.07,145.92,63.0,87,3,1.01,clear sky,2.94,0.13
538,Quang Ngai,VN,2020-02-23 09:54:09,15.12,108.8,73.99,73,0,16.49,clear sky,2.94,0.13
539,Aswan,EG,2020-02-23 09:54:09,24.09,32.91,67.46,25,100,10.0,overcast clouds,2.94,0.13
540,Jingdezhen,CN,2020-02-23 09:54:09,29.29,117.21,63.91,71,33,3.69,scattered clouds,2.94,0.13
541,Beloha,MG,2020-02-23 09:54:09,-25.17,45.05,89.6,52,100,10.38,light rain,0.13,0.13
542,Masindi,UG,2020-02-23 09:54:09,1.67,31.71,88.54,36,100,8.63,overcast clouds,0.13,0.13
543,Barabai,ID,2020-02-23 09:54:10,-2.58,115.38,87.57,65,100,3.65,light rain,1.44,0.13
544,Newry,GB,2020-02-23 09:54:10,54.18,-6.34,41.0,93,20,14.99,few clouds,1.44,0.13
545,Balkanabat,TM,2020-02-23 09:54:10,39.51,54.37,55.24,52,0,2.48,clear sky,1.44,0.13
546,Bubaque,GW,2020-02-23 09:54:10,11.28,-15.83,76.57,54,41,11.61,scattered clouds,1.44,0.13
547,Gardez,AF,2020-02-23 09:54:11,33.6,69.23,41.16,49,0,2.55,clear sky,1.44,0.13
548,Mackay,AU,2020-02-23 09:54:11,-21.15,149.2,77.0,94,75,3.36,broken clouds,1.44,0.13
549,Weyburn,CA,2020-02-23 09:54:11,49.67,-103.85,26.01,81,20,15.01,few clouds,1.44,0.13
550,Deyang,CN,2020-02-23 09:54:12,31.13,104.38,61.0,55,89,4.32,overcast clouds,1.44,0.13
551,Vsevolodo-Vilva,CN,2020-02-23 09:54:12,31.13,104.38,61.0,55,89,4.32,overcast clouds,1.44,0.13
552,Orlik,RU,2020-02-23 09:54:12,52.52,99.83,12.76,82,100,2.06,overcast clouds,1.44,0.13
553,Thurso,GB,2020-02-23 09:54:12,58.59,-3.53,37.4,76,17,18.34,few clouds,1.44,0.13
554,Emba,KZ,2020-02-23 09:54:12,48.83,58.14,23.95,91,100,10.13,overcast clouds,1.44,0.13
555,Almenara,BR,2020-02-23 09:54:13,-16.18,-40.69,72.66,99,100,1.9,moderate rain,5.0,0.13
556,Kishi,NG,2020-02-23 09:54:13,9.08,3.85,87.93,11,8,9.69,clear sky,5.0,0.13
557,Jining,CN,2020-02-23 09:53:07,35.41,116.58,62.22,37,0,12.44,clear sky,5.0,0.13
558,Roald,NO,2020-02-23 09:54:13,62.58,6.13,39.2,51,75,16.11,broken clouds,5.0,0.13
559,San Vicente,AR,2020-02-23 09:54:13,-26.62,-54.13,52.14,75,100,3.74,overcast clouds,5.0,0.13
560,Inhambane,MZ,2020-02-23 09:54:14,-23.86,35.38,91.4,59,75,6.93,broken clouds,5.0,0.13
561,Tarauaca,BR,2020-02-23 09:54:14,-8.16,-70.77,68.38,97,100,3.58,overcast clouds,5.0,0.13
562,Bedford,GB,2020-02-23 09:54:14,52.13,-0.47,55.99,93,75,21.92,broken clouds,5.0,0.13
563,Mildura,AU,2020-02-23 09:54:14,-34.2,142.15,86.0,33,90,12.75,overcast clouds,5.0,0.13
564,Villa Carlos Paz,AR,2020-02-23 09:54:14,-31.42,-64.5,60.01,93,43,5.82,scattered clouds,5.0,0.13
565,Necochea,AR,2020-02-23 09:54:15,-38.55,-58.74,50.0,97,0,3.0,clear sky,5.0,0.13
566,Berdyuzhye,AR,2020-02-23 09:54:15,-38.55,-58.74,50.0,97,0,3.0,clear sky,5.0,0.13
567,Yeniseysk,RU,2020-02-23 09:54:15,58.45,92.17,27.41,88,100,2.15,overcast clouds,5.0,0.13
568,Belmonte,BR,2020-02-23 09:54:15,-15.86,-38.88,77.0,88,40,2.24,scattered clouds,5.0,0.13
569,Heviz,HU,2020-02-23 09:54:15,46.79,17.18,48.2,70,100,2.24,overcast clouds,5.0,0.13
570,Lakhdenpokhya,RU,2020-02-23 09:52:40,61.52,30.2,37.99,72,100,13.76,overcast clouds,5.0,0.13
571,Denpasar,ID,2020-02-23 09:54:16,-8.65,115.22,87.8,79,20,8.05,few clouds,5.0,0.13
572,Kontagora,NG,2020-02-23 09:54:16,10.4,5.47,88.95,9,0,11.99,clear sky,5.0,0.13
573,Anzio,IT,2020-02-23 09:54:16,41.49,12.62,61.0,76,0,3.36,clear sky,5.0,0.13
574,Sabang,ID,2020-02-23 09:54:16,5.89,95.32,82.67,77,94,22.1,overcast clouds,5.0,0.13
575,Chapais,CA,2020-02-23 09:54:17,49.78,-74.85,28.4,74,75,9.17,broken clouds,5.0,0.13
576,Kargasok,RU,2020-02-23 09:54:17,59.06,80.86,12.0,87,0,0.38,clear sky,5.0,0.13
