City_ID,City,Country,Date,Lat,Lng,Max Temp,Humidity,Cloudiness,Wind Speed
0,Hobart,AU,2020-02-21 05:38:56,-42.88,147.33,63.0,39,40,14.99
1,Olafsvik,IS,2020-02-21 05:38:57,64.89,-23.71,33.76,80,100,38.05
2,Mangrol,IN,2020-02-21 05:38:57,21.12,70.12,75.61,53,75,5.79
3,Antofagasta,CL,2020-02-21 05:38:57,-23.65,-70.4,66.2,88,21,1.12
4,Airai,TL,2020-02-21 05:32:42,-8.93,125.41,74.8,87,100,2.89
5,Camopi,GF,2020-02-21 05:38:58,3.17,-52.32,69.06,99,100,2.53
6,Rikitea,PF,2020-02-21 05:34:36,-23.12,-134.97,78.49,75,42,13.85
7,Ribeira Grande,PT,2020-02-21 05:32:42,38.52,-28.7,52.12,77,56,9.48
8,Grindavik,IS,2020-02-21 05:32:42,63.84,-22.43,33.8,57,100,12.75
9,Ashdod,IL,2020-02-21 05:38:09,31.82,34.65,55.0,76,22,4.7
10,Vanimo,PG,2020-02-21 05:34:13,-2.67,141.3,82.31,81,96,16.04
11,Meulaboh,ID,2020-02-21 05:38:59,4.14,96.13,82.65,63,0,3.44
12,Sarakhs,IR,2020-02-21 05:38:59,36.54,61.16,46.4,87,90,18.34
13,Punta Arenas,CL,2020-02-21 05:38:59,-53.15,-70.92,53.6,76,75,24.16
14,Bilibino,RU,2020-02-21 05:38:59,68.05,166.44,-22.7,98,100,1.43
15,Saint-Philippe,RE,2020-02-21 05:39:00,-21.36,55.77,82.4,58,40,14.99
16,Doha,QA,2020-02-21 05:35:52,25.29,51.53,72.0,68,12,9.17
17,Dikson,RU,2020-02-21 05:39:00,73.51,80.55,-5.53,88,6,19.42
18,Cape Town,ZA,2020-02-21 05:39:00,-33.93,18.42,68.0,88,20,11.41
19,Yellowknife,CA,2020-02-21 05:39:00,62.46,-114.35,23.0,73,5,5.82
20,Torbay,CA,2020-02-21 05:34:13,47.67,-52.73,12.0,60,40,33.33
21,South Lake Tahoe,US,2020-02-21 05:39:01,38.93,-119.98,44.01,63,20,3.36
22,Ulladulla,AU,2020-02-21 05:39:01,-35.35,150.47,68.0,68,90,13.87
23,Mozarlandia,BR,2020-02-21 05:39:01,-14.74,-50.57,71.91,95,100,5.68
24,Jamestown,US,2020-02-21 05:38:35,42.1,-79.24,21.2,66,90,10.29
25,Hovd,MN,2020-02-21 05:39:02,48.01,91.64,11.01,57,0,4.72
26,Linqiong,CN,2020-02-21 05:39:02,30.42,103.46,61.0,44,20,2.24
27,Honningsvag,NO,2020-02-21 05:39:02,70.98,25.97,26.6,100,90,24.16
28,Carnarvon,AU,2020-02-21 05:39:03,-24.87,113.63,87.8,62,75,20.8
29,Albany,US,2020-02-21 05:34:29,42.6,-73.97,21.2,48,75,8.05
30,Hermanus,ZA,2020-02-21 05:37:53,-34.42,19.23,64.99,88,0,1.01
31,Kaitangata,NZ,2020-02-21 05:39:03,-46.28,169.85,64.0,58,56,15.01
32,Yinchuan,CN,2020-02-21 05:34:19,38.47,106.27,36.0,27,6,5.99
33,Constitucion,CL,2020-02-21 05:39:04,-35.33,-72.42,53.94,74,0,6.2
34,Avera,US,2020-02-21 05:39:04,33.19,-82.53,41.0,80,90,9.17
35,Mogadishu,SO,2020-02-21 05:39:04,2.04,45.34,82.4,69,40,11.41
36,Bhadrachalam,IN,2020-02-21 05:39:04,17.67,80.88,87.46,38,0,8.01
37,Praia Da Vitoria,PT,2020-02-21 05:39:05,38.73,-27.07,50.0,76,20,7.2
38,Puerto Ayacucho,VE,2020-02-21 05:39:05,5.66,-67.62,74.46,88,68,2.46
39,Qaanaaq,GL,2020-02-21 05:39:05,77.48,-69.36,-14.93,53,0,5.01
40,Busselton,AU,2020-02-21 05:39:05,-33.65,115.33,96.01,11,97,14.07
41,Chokurdakh,RU,2020-02-21 05:39:06,70.63,147.92,-14.21,97,87,1.52
42,Hofn,IS,2020-02-21 05:39:06,64.25,-15.21,37.56,77,83,32.79
43,Holstebro,DK,2020-02-21 05:39:06,56.36,8.62,43.0,93,27,11.41
44,Nadym,RU,2020-02-21 05:39:06,65.53,72.52,20.77,93,100,15.12
45,Norman Wells,CA,2020-02-21 05:39:07,65.28,-126.83,23.0,85,75,6.93
46,Trairi,BR,2020-02-21 05:39:07,-3.28,-39.27,74.75,91,100,2.91
47,Banikoara,BJ,2020-02-21 05:39:07,11.3,2.44,68.52,19,3,6.46
48,Puerto Ayora,EC,2020-02-21 05:39:07,-0.74,-90.35,77.74,88,77,8.5
49,Luanda,AO,2020-02-21 05:39:08,-8.84,13.23,78.8,94,75,4.7
50,Vaini,TO,2020-02-21 05:39:08,-21.2,-175.2,80.6,78,20,9.17
51,Kirakira,SB,2020-02-21 05:39:08,-10.45,161.92,81.28,81,40,5.14
52,Atuona,PF,2020-02-21 05:39:08,-9.8,-139.03,81.55,78,82,17.29
53,Ahuimanu,US,2020-02-21 05:39:08,21.44,-157.84,73.4,64,75,11.41
54,Saint-Louis,SN,2020-02-21 05:39:09,16.33,-15.0,74.25,15,74,8.75
55,Barrow,US,2020-02-21 05:39:09,71.29,-156.79,-14.8,75,90,10.29
56,Kapaa,US,2020-02-21 05:34:32,22.08,-159.32,73.4,100,90,13.87
57,Nikolskoye,RU,2020-02-21 05:39:10,59.7,30.79,34.0,85,75,6.71
58,Lebu,CL,2020-02-21 05:39:10,-37.62,-73.65,59.83,35,0,2.91
59,Bulgan,MN,2020-02-21 05:34:14,48.81,103.53,14.83,63,0,4.88
60,Nantucket,US,2020-02-21 05:39:10,41.28,-70.1,28.99,50,1,11.41
61,Luganville,VU,2020-02-21 05:39:10,-15.53,167.17,86.0,70,40,4.7
62,Ushuaia,AR,2020-02-21 05:39:11,-54.8,-68.3,53.6,66,75,12.75
63,Wanning,CN,2020-02-21 05:39:11,18.8,110.4,74.95,71,52,11.83
64,Bealanana,MG,2020-02-21 05:39:11,-14.55,48.73,73.78,76,95,2.37
65,Yerbogachen,RU,2020-02-21 05:39:11,61.28,108.01,22.59,93,100,12.68
66,Georgetown,MY,2020-02-21 05:39:12,5.41,100.34,93.2,44,20,21.92
67,Adrar,MR,2020-02-21 05:39:12,20.5,-10.07,67.01,13,0,11.92
68,Kirando,TZ,2020-02-21 05:39:13,-7.42,30.6,77.11,74,59,7.36
69,Cabo San Lucas,MX,2020-02-21 05:35:17,22.89,-109.91,70.0,60,5,8.05
70,Vestmannaeyjar,IS,2020-02-21 05:39:13,63.44,-20.27,32.02,97,100,14.52
71,New Norfolk,AU,2020-02-21 05:39:13,-42.78,147.06,63.0,39,40,14.99
72,Gillette,US,2020-02-21 05:39:13,44.29,-105.5,24.8,49,1,28.86
73,Bemidji,US,2020-02-21 05:39:14,47.47,-94.88,12.2,78,1,8.05
74,Kutum,SD,2020-02-21 05:39:14,14.2,24.67,59.97,26,42,4.9
75,Saryg-Sep,RU,2020-02-21 05:39:14,51.5,95.6,15.13,79,98,1.05
76,Saint George,US,2020-02-21 05:39:14,37.1,-113.58,48.2,23,1,4.81
77,Namibe,AO,2020-02-21 05:39:14,-15.2,12.15,76.69,70,83,11.36
78,Kisanga,TZ,2020-02-21 05:39:15,-7.44,37.7,80.67,82,53,1.9
79,Tuktoyaktuk,CA,2020-02-21 05:39:15,69.45,-133.04,1.4,77,90,4.7
80,Havelock,US,2020-02-21 05:39:15,34.88,-76.9,36.0,86,90,16.11
81,Tasiilaq,GL,2020-02-21 05:39:15,65.61,-37.64,19.4,73,100,1.12
82,Fairbanks,US,2020-02-21 05:39:15,64.84,-147.72,17.6,100,75,4.07
83,Butaritari,KI,2020-02-21 05:39:15,3.07,172.79,83.97,78,77,13.67
84,Balkanabat,TM,2020-02-21 05:39:16,39.51,54.37,41.2,88,100,8.57
85,Puerto Quijarro,BO,2020-02-21 05:39:16,-17.78,-57.77,74.21,99,100,5.46
86,Kavieng,PG,2020-02-21 05:38:39,-2.57,150.8,83.86,76,0,13.29
87,Severo-Kurilsk,RU,2020-02-21 05:39:17,50.68,156.12,17.06,93,100,5.46
88,Kruisfontein,ZA,2020-02-21 05:39:17,-34.0,24.73,68.09,76,3,4.34
89,Bluff,NZ,2020-02-21 05:39:17,-46.6,168.33,59.0,76,60,21.99
90,Lorengau,PG,2020-02-21 05:39:18,-2.02,147.27,83.26,76,75,13.11
91,Batagay-Alyta,RU,2020-02-21 05:39:18,67.8,130.41,1.22,87,100,4.65
92,Hilo,US,2020-02-21 05:39:18,19.73,-155.09,69.8,77,90,9.17
93,Luderitz,NA,2020-02-21 05:39:18,-26.65,15.16,66.2,82,32,11.41
94,Karachi,PK,2020-02-21 05:36:03,24.91,67.08,71.6,33,57,21.92
95,Pisco,PE,2020-02-21 05:39:19,-13.7,-76.22,73.4,83,100,5.82
96,Comodoro Rivadavia,AR,2020-02-21 05:35:24,-45.87,-67.5,48.2,76,0,11.81
97,Mancio Lima,BR,2020-02-21 05:39:19,-7.61,-72.9,73.83,86,89,2.59
98,Blagoyevo,RU,2020-02-21 05:39:19,63.37,47.92,6.44,92,53,2.51
99,Nioro,GM,2020-02-21 05:39:19,13.35,-15.75,71.37,17,63,5.17
100,Forio,IT,2020-02-21 05:39:20,40.73,13.86,48.99,80,0,5.82
101,Faanui,PF,2020-02-21 05:39:20,-16.48,-151.75,82.78,77,88,16.96
102,Tual,ID,2020-02-21 05:34:44,-5.67,132.75,80.76,82,100,18.34
103,Port Hardy,CA,2020-02-21 05:39:20,50.7,-127.42,35.6,93,40,2.24
104,Komsomolskiy,UZ,2020-02-21 05:39:20,40.43,71.72,42.8,56,0,4.12
105,Khatanga,RU,2020-02-21 05:39:21,71.97,102.5,6.55,95,100,10.54
106,Hailey,US,2020-02-21 05:39:21,43.52,-114.32,15.8,61,5,10.29
107,Tahta,EG,2020-02-21 05:39:21,26.77,31.5,50.0,61,0,4.7
108,Ibipeba,BR,2020-02-21 05:39:22,-11.64,-42.01,68.07,87,94,5.97
109,Galesong,ID,2020-02-21 05:39:22,-5.32,119.37,87.8,70,20,9.17
110,Gijon,ES,2020-02-21 05:39:22,43.54,-5.66,51.8,93,75,2.24
111,Broome,US,2020-02-21 05:39:22,42.25,-75.83,14.0,78,1,5.82
112,Virginia Beach,US,2020-02-21 05:36:13,36.85,-75.98,35.6,80,90,18.34
113,Mataura,NZ,2020-02-21 05:39:23,-46.19,168.86,59.0,76,73,21.99
114,Cape Coast,GH,2020-02-21 05:39:23,5.11,-1.25,80.74,90,8,10.2
115,Whyalla,AU,2020-02-21 05:39:23,-33.03,137.58,73.4,49,0,21.92
116,Korla,CN,2020-02-21 05:35:53,41.76,86.15,30.81,39,56,4.43
117,Dauriya,RU,2020-02-21 05:39:23,49.93,116.87,15.15,80,100,5.68
118,Amapa,BR,2020-02-21 05:39:24,1.0,-52.0,70.48,98,100,2.3
119,Lagoa,PT,2020-02-21 05:39:24,39.05,-27.98,56.98,64,19,8.1
120,Mar Del Plata,AR,2020-02-21 05:39:24,-38.0,-57.56,59.0,67,75,11.41
121,Bredasdorp,ZA,2020-02-21 05:39:24,-34.53,20.04,64.99,87,0,1.12
122,Hithadhoo,MV,2020-02-21 05:39:24,-0.6,73.08,84.24,77,7,14.45
123,Hamilton,US,2020-02-21 05:36:49,39.18,-84.53,21.99,62,1,4.7
124,Esperance,AU,2020-02-21 05:35:08,-33.87,121.9,77.0,36,0,11.41
125,East London,ZA,2020-02-21 05:39:25,-33.02,27.91,68.0,94,20,4.7
126,Mahebourg,MU,2020-02-21 05:39:25,-20.41,57.7,82.0,78,75,8.05
127,Te Anau,NZ,2020-02-21 05:34:51,-45.42,167.72,55.53,70,59,10.09
128,College,US,2020-02-21 05:39:25,64.86,-147.8,19.4,100,75,4.52
129,Sept-Iles,CA,2020-02-21 05:39:26,50.2,-66.38,-13.0,62,20,4.7
130,Katherine,AU,2020-02-21 05:39:26,-14.47,132.27,93.2,49,40,8.05
131,Buraydah,SA,2020-02-21 05:38:51,26.33,43.98,50.0,81,0,3.36
132,Vyazemskiy,RU,2020-02-21 05:39:26,47.54,134.75,17.13,67,13,3.76
133,Shubarshi,KZ,2020-02-21 05:39:27,48.59,57.19,23.14,83,100,7.96
134,Yulara,AU,2020-02-21 05:39:27,-25.24,130.99,96.8,11,1,10.29
135,Isangel,VU,2020-02-21 05:39:27,-19.55,169.27,84.2,79,75,13.33
136,Alice Town,BS,2020-02-21 05:39:27,25.72,-79.3,78.06,78,3,14.76
137,Fort Saint James,CA,2020-02-21 05:39:28,54.43,-124.25,27.63,95,100,5.61
138,Bonga,ET,2020-02-21 05:39:28,7.28,36.23,71.49,58,20,0.54
139,Chuy,UY,2020-02-21 05:39:28,-33.7,-53.46,58.26,68,0,11.99
140,Flinders,AU,2020-02-21 05:39:28,-34.58,150.86,75.99,68,90,13.87
141,Bambous Virieux,MU,2020-02-21 05:39:29,-20.34,57.76,82.0,78,75,8.05
142,Jalu,LY,2020-02-21 05:39:29,29.03,21.55,57.36,61,62,10.49
143,Bagotville,AU,2020-02-21 05:39:29,-28.98,153.42,84.2,65,90,11.41
144,Sola,VU,2020-02-21 05:39:29,-13.88,167.55,83.37,76,3,15.14
145,Castro,BR,2020-02-21 05:39:29,-24.79,-50.01,66.92,94,35,4.03
146,Broken Hill,AU,2020-02-21 05:39:30,-31.95,141.43,78.8,26,9,13.87
147,Cockburn Town,TC,2020-02-21 05:39:30,21.46,-71.14,77.59,79,0,16.75
148,Palmer,US,2020-02-21 05:39:30,42.16,-72.33,21.2,48,1,4.7
149,San Quintin,MX,2020-02-21 05:39:30,30.48,-115.95,64.2,64,100,3.76
150,Guerrero Negro,MX,2020-02-21 05:39:30,27.98,-114.06,64.96,56,62,6.62
151,Saskylakh,RU,2020-02-21 05:39:31,71.92,114.08,-12.41,98,89,2.57
152,Pevek,RU,2020-02-21 05:39:31,69.7,170.31,-9.87,99,100,8.9
153,Longyearbyen,SJ,2020-02-21 05:39:31,78.22,15.64,5.0,71,75,3.36
154,Kamsack,CA,2020-02-21 05:39:31,51.57,-101.9,21.2,73,1,10.29
155,Avarua,CK,2020-02-21 05:39:32,-21.21,-159.78,82.4,83,100,10.29
156,Monte Azul,BR,2020-02-21 05:39:32,-15.15,-42.87,65.97,90,18,2.82
157,Upernavik,GL,2020-02-21 05:39:32,72.79,-56.15,-17.86,99,95,0.78
158,Westerland,DE,2020-02-21 05:39:32,54.91,8.3,41.0,86,45,5.99
159,Walvis Bay,NA,2020-02-21 05:39:32,-22.96,14.51,64.99,93,94,4.7
160,Bolivar,US,2020-02-21 05:36:23,37.61,-93.41,21.99,67,1,5.82
161,Omboue,GA,2020-02-21 05:39:33,-1.57,9.26,75.78,93,100,2.42
162,Polovinnoye,RU,2020-02-21 05:39:33,54.79,65.99,24.93,95,86,8.55
163,Santa Cruz,BO,2020-02-21 05:39:16,-17.8,-63.17,77.0,88,75,13.87
164,Baft,IR,2020-02-21 05:39:33,29.23,56.61,51.42,38,0,6.71
165,Los Llanos De Aridane,ES,2020-02-21 05:39:34,28.66,-17.92,62.6,67,3,3.36
166,Colac,AU,2020-02-21 05:39:34,-38.33,143.58,66.0,80,17,5.01
167,Tiksi,RU,2020-02-21 05:39:34,71.69,128.87,-0.8,86,100,12.03
168,Ponta Do Sol,PT,2020-02-21 05:39:34,32.67,-17.1,57.2,67,40,11.41
169,Bristol,US,2020-02-21 05:36:17,41.83,-71.17,25.0,53,1,5.82
170,Imbituba,BR,2020-02-21 05:38:25,-28.24,-48.67,77.0,83,75,9.17
171,Canoa,DO,2020-02-21 05:39:35,18.36,-71.16,68.9,89,44,2.68
172,Lata,PT,2020-02-21 05:39:35,40.16,-8.33,53.01,100,0,2.24
173,Sao Felix Do Xingu,BR,2020-02-21 05:39:35,-6.64,-51.99,71.19,98,100,1.77
174,Sorland,NO,2020-02-21 05:39:35,67.67,12.69,35.6,93,75,6.93
175,Fergus Falls,US,2020-02-21 05:39:35,46.28,-96.08,17.6,85,1,12.75
176,Dingle,PH,2020-02-21 05:39:03,11.0,122.67,79.12,78,72,18.05
177,Sao Filipe,CV,2020-02-21 05:39:36,14.9,-24.5,68.27,83,2,17.16
178,Phalodi,IN,2020-02-21 05:39:36,27.13,72.37,70.05,36,16,12.21
179,Chinhoyi,ZW,2020-02-21 05:39:37,-17.37,30.2,70.5,85,0,3.85
180,Esenyurt,TR,2020-02-21 05:39:37,41.03,28.68,46.0,81,75,19.46
181,Angoche,MZ,2020-02-21 05:39:37,-16.23,39.91,81.75,82,50,6.87
182,Faya,SA,2020-02-21 05:39:37,18.39,42.45,60.8,67,0,4.7
183,Yonezawa,JP,2020-02-21 05:39:37,37.92,140.12,51.8,37,75,9.17
184,Cidreira,BR,2020-02-21 05:39:38,-30.18,-50.21,69.76,70,96,19.64
185,Hasaki,JP,2020-02-21 05:39:38,35.73,140.83,57.99,46,20,9.17
186,Daman,IN,2020-02-21 05:39:38,20.42,72.85,93.42,21,6,2.44
187,Bengkulu,ID,2020-02-21 05:39:38,-3.8,102.27,92.57,46,42,2.24
188,Haines Junction,CA,2020-02-21 05:39:38,60.75,-137.51,19.83,95,100,7.92
189,Sakaide,JP,2020-02-21 05:39:39,34.32,133.85,57.99,40,22,9.17
190,Flin Flon,CA,2020-02-21 05:39:39,54.77,-101.86,26.71,88,48,10.4
191,Fort-Shevchenko,KZ,2020-02-21 05:39:39,44.51,50.26,37.6,66,100,14.52
192,Villa Carlos Paz,AR,2020-02-21 05:38:14,-31.42,-64.5,62.01,77,28,2.24
193,Bethel,US,2020-02-21 05:39:39,41.37,-73.41,26.01,52,1,6.93
194,Cananeia,BR,2020-02-21 05:39:40,-25.01,-47.93,73.62,94,28,2.82
195,Whitehorse,CA,2020-02-21 05:37:17,60.72,-135.05,30.2,63,75,11.41
196,Aklavik,CA,2020-02-21 05:39:40,68.22,-135.01,5.0,84,75,7.74
197,Malinovoye Ozero,RU,2020-02-21 05:39:41,51.68,79.78,26.53,82,100,13.62
198,La Joya,MX,2020-02-21 05:39:41,18.67,-99.47,67.37,39,3,0.56
199,Kaele,CM,2020-02-21 05:39:41,10.11,14.45,70.05,24,0,12.71
200,Pokrovsk,UA,2020-02-21 05:39:41,48.28,37.18,31.37,93,100,11.27
201,Osmena,PH,2020-02-21 05:39:41,10.52,119.93,79.75,78,25,24.79
202,Upata,VE,2020-02-21 05:39:42,8.01,-62.4,67.6,85,99,3.27
203,Port Alfred,ZA,2020-02-21 05:39:42,-33.59,26.89,72.0,86,81,1.01
204,Amahai,ID,2020-02-21 05:39:42,-3.33,128.92,83.95,69,65,7.16
205,Kulhudhuffushi,MV,2020-02-21 05:39:42,6.62,73.07,82.92,71,32,11.81
206,Puerto Escondido,MX,2020-02-21 05:39:43,15.85,-97.07,78.8,94,5,4.7
207,Victoria,HK,2020-02-21 05:38:55,22.29,114.16,81.0,41,0,17.22
208,Victoria Point,AU,2020-02-21 05:39:43,-27.58,153.3,87.01,58,20,13.87
209,Turbat,PK,2020-02-21 05:39:44,26.0,63.04,78.78,14,100,14.56
210,Lakatoro,VU,2020-02-21 05:39:44,-16.1,167.42,86.0,100,8,10.29
211,Kandrian,PG,2020-02-21 05:39:44,-6.22,149.55,81.73,76,80,10.69
212,Bredy,RU,2020-02-21 05:39:44,52.42,60.34,22.3,92,89,6.55
213,Vardo,NO,2020-02-21 05:35:38,70.37,31.11,24.8,85,75,26.4
214,Nhulunbuy,AU,2020-02-21 05:39:45,-12.23,136.77,80.6,83,75,9.17
215,Pirgos,GR,2020-02-21 05:39:45,35.12,25.72,55.4,71,75,23.04
216,Hami,CN,2020-02-21 05:39:45,42.8,93.45,33.37,35,31,2.66
217,Port Elizabeth,ZA,2020-02-21 05:39:45,-33.92,25.57,66.2,88,75,3.36
218,Hambantota,LK,2020-02-21 05:36:40,6.12,81.12,84.2,83,75,16.11
219,Sibu,MY,2020-02-21 05:39:46,2.3,111.82,87.8,62,75,5.82
220,Sisimiut,GL,2020-02-21 05:39:46,66.94,-53.67,-5.08,89,100,5.79
221,Tura,IN,2020-02-21 05:39:46,25.52,90.22,89.31,28,0,1.68
222,Takab,IR,2020-02-21 05:39:47,36.4,47.11,33.1,100,100,2.44
223,Shaowu,CN,2020-02-21 05:39:47,27.34,117.48,67.71,58,22,2.68
224,Paita,PE,2020-02-21 05:39:48,-5.09,-81.11,76.71,77,24,5.95
225,San Matias,BO,2020-02-21 05:39:48,-16.37,-58.4,75.83,94,100,3.78
226,Arraial Do Cabo,BR,2020-02-21 05:39:48,-22.97,-42.03,76.32,92,1,13.42
227,Namatanai,PG,2020-02-21 05:39:48,-3.67,152.43,84.18,74,0,13.91
228,Konstantinovka,RU,2020-02-21 05:39:48,49.62,127.98,8.29,91,100,5.64
229,Leningradskiy,RU,2020-02-21 05:39:49,69.38,178.42,-7.22,93,100,21.36
230,Denpasar,ID,2020-02-21 05:38:45,-8.65,115.22,87.8,74,20,10.29
231,Tolaga Bay,NZ,2020-02-21 05:39:49,-38.37,178.3,74.23,69,3,15.3
232,San Isidro,PE,2020-02-21 05:39:49,-12.12,-77.05,73.4,88,75,9.17
233,Abonnema,NG,2020-02-21 05:39:50,4.71,6.79,79.38,90,68,2.64
234,Emerald,AU,2020-02-21 05:39:50,-23.53,148.17,93.2,52,75,5.82
235,Kununurra,AU,2020-02-21 05:35:52,-15.77,128.73,98.6,44,76,8.05
236,Naze,JP,2020-02-21 05:39:50,28.37,129.48,69.8,52,20,6.93
237,Souillac,MU,2020-02-21 05:39:51,-20.52,57.52,82.0,78,75,8.05
238,Giyani,ZA,2020-02-21 05:39:51,-23.3,30.72,79.16,74,75,6.22
239,Oum Hadjer,TD,2020-02-21 05:39:51,13.3,19.7,70.66,25,14,8.77
240,Tuatapere,NZ,2020-02-21 05:39:51,-46.13,167.68,59.0,76,85,21.99
241,Calamar,CO,2020-02-21 05:39:52,10.25,-74.91,78.8,83,20,10.29
242,Ostashkov,RU,2020-02-21 05:39:52,57.15,33.11,32.92,89,93,5.23
243,Kuldur,RU,2020-02-21 05:39:52,49.22,131.63,17.74,57,6,3.09
244,Bolzano,IT,2020-02-21 05:39:53,46.49,11.33,33.01,36,5,10.29
245,Redlands,US,2020-02-21 05:39:53,34.06,-117.18,66.2,22,5,8.52
246,Fort Nelson,CA,2020-02-21 05:39:53,58.81,-122.7,24.8,79,20,2.24
247,Saint Anthony,US,2020-02-21 05:35:05,45.02,-93.22,12.2,72,1,6.93
248,Aksu,CN,2020-02-21 05:39:54,41.12,80.26,41.56,27,0,3.06
249,Genhe,CN,2020-02-21 05:37:57,50.78,121.52,13.41,83,100,6.42
250,Borovoy,RU,2020-02-21 05:39:54,55.43,86.08,24.8,79,90,17.9
251,Fortuna,US,2020-02-21 05:39:54,40.6,-124.16,46.0,93,1,1.1
252,San Patricio,MX,2020-02-21 05:39:55,19.22,-104.7,76.26,80,0,4.74
253,Iberia,US,2020-02-21 05:39:55,29.95,-91.75,46.4,87,90,20.8
254,Alihe,CN,2020-02-21 05:39:55,50.57,123.72,13.6,80,100,3.58
255,Zlitan,LY,2020-02-21 05:39:55,32.47,14.57,57.06,69,36,11.07
256,Dicabisagan,PH,2020-02-21 05:39:55,17.08,122.42,74.5,80,46,13.51
257,Ostrovnoy,RU,2020-02-21 05:39:56,68.05,39.51,20.3,80,88,33.53
258,Trebukhiv,UA,2020-02-21 05:39:56,50.48,30.9,37.0,93,90,2.24
259,Anadyr,RU,2020-02-21 05:39:56,64.75,177.48,-14.01,75,0,6.71
260,Peniche,PT,2020-02-21 05:39:56,39.36,-9.38,55.0,100,0,2.24
261,Brazzaville,CG,2020-02-21 05:39:57,-4.27,15.28,77.0,88,20,0.51
262,Varkaus,FI,2020-02-21 05:39:57,62.33,27.87,33.01,92,100,8.01
263,Thompson,CA,2020-02-21 05:39:57,55.74,-97.86,24.8,68,75,10.29
264,Vysotskoye,RU,2020-02-21 05:39:57,45.02,42.91,33.8,100,90,11.18
265,Koslan,RU,2020-02-21 05:39:57,63.46,48.9,6.89,91,44,1.5
266,Turukhansk,RU,2020-02-21 05:39:58,65.82,87.98,26.65,96,93,2.77
267,Cascais,PT,2020-02-21 05:39:58,38.7,-9.42,55.0,81,0,4.7
268,Havre-Saint-Pierre,CA,2020-02-21 05:39:58,50.23,-63.6,-7.6,57,1,18.34
269,Pacifica,US,2020-02-21 05:39:58,37.61,-122.49,57.99,87,1,3.36
270,Brae,GB,2020-02-21 05:36:10,60.4,-1.35,44.6,81,78,34.45
271,Mangai,CD,2020-02-21 05:39:58,-4.05,19.53,75.27,76,96,0.2
272,Taltal,CL,2020-02-21 05:39:59,-25.4,-70.48,59.25,88,30,1.39
273,Navrongo,GH,2020-02-21 05:39:59,10.9,-1.09,73.06,15,0,9.98
274,Geraldton,AU,2020-02-21 05:39:59,-28.77,114.6,80.6,65,75,10.29
275,Nanortalik,GL,2020-02-21 05:35:33,60.14,-45.24,26.49,69,100,1.95
276,The Pas,CA,2020-02-21 05:39:59,53.83,-101.25,26.6,63,1,13.87
277,Seymchan,RU,2020-02-21 05:40:00,62.88,152.43,-21.5,98,95,2.42
278,Fare,PF,2020-02-21 05:39:49,-16.7,-151.02,83.07,76,31,16.55
279,Marsabit,KE,2020-02-21 05:40:00,2.33,37.99,77.45,59,70,27.96
280,Mbandaka,CD,2020-02-21 05:40:00,0.05,18.26,77.99,74,99,0.54
281,Nyurba,RU,2020-02-21 05:40:00,63.28,118.33,12.99,94,98,5.28
282,Manaure,CO,2020-02-21 05:40:01,11.78,-72.44,77.07,84,99,13.6
283,Dali,CN,2020-02-21 05:38:15,25.7,100.18,66.34,27,0,5.39
284,Soledade,BR,2020-02-21 05:40:01,-28.82,-52.51,60.24,88,56,7.34
285,Mana,GF,2020-02-21 05:40:01,5.66,-53.78,70.56,98,86,2.04
286,Manggar,ID,2020-02-21 05:40:02,-2.88,108.27,82.4,78,98,16.08
287,Ahipara,NZ,2020-02-21 05:35:35,-35.17,173.17,71.26,82,83,15.99
288,Mattru,SL,2020-02-21 05:40:02,7.62,-11.83,74.39,95,3,2.98
289,Kushima,JP,2020-02-21 05:40:02,31.46,131.23,62.6,59,40,10.29
290,Taoudenni,ML,2020-02-21 05:40:03,22.68,-3.98,64.47,18,0,7.02
291,Wajir,KE,2020-02-21 05:40:03,1.75,40.06,84.27,56,58,14.85
292,Bunia,CD,2020-02-21 05:40:03,1.57,30.25,81.25,52,16,3.22
293,Port-Gentil,GA,2020-02-21 05:36:11,-0.72,8.78,82.4,88,75,9.17
294,Narsaq,GL,2020-02-21 05:40:04,60.92,-46.05,30.2,28,100,11.41
295,Salalah,OM,2020-02-21 05:40:04,17.02,54.09,77.0,65,75,3.36
296,Ewa Beach,US,2020-02-21 05:38:47,21.32,-158.01,73.4,64,75,11.41
297,Upington,ZA,2020-02-21 05:40:04,-28.45,21.26,73.4,88,40,3.36
298,Safaga,EG,2020-02-21 05:40:04,26.73,33.94,53.6,49,20,9.17
299,Le Port,RE,2020-02-21 05:40:05,-20.94,55.29,82.4,61,98,16.11
300,Cayenne,GF,2020-02-21 05:40:05,4.93,-52.33,77.0,78,87,2.24
301,Ilulissat,GL,2020-02-21 05:40:05,69.22,-51.1,-0.4,49,42,3.36
302,Tchaourou,BJ,2020-02-21 05:40:05,8.89,2.6,70.54,24,67,3.74
303,Bonthe,SL,2020-02-21 05:40:06,7.53,-12.51,76.68,90,39,4.9
304,Bandarbeyla,SO,2020-02-21 05:40:06,9.49,50.81,77.83,72,52,9.62
305,Ancud,CL,2020-02-21 05:40:06,-41.87,-73.82,51.8,71,0,5.82
306,Mpika,ZM,2020-02-21 05:40:06,-11.83,31.45,68.29,95,100,4.63
307,Port Keats,AU,2020-02-21 05:40:06,-14.25,129.55,91.13,57,70,6.96
308,Niteroi,BR,2020-02-21 05:40:07,-22.88,-43.1,80.6,94,0,5.82
309,Richards Bay,ZA,2020-02-21 05:40:07,-28.78,32.04,78.87,84,19,19.66
310,La Paz,BO,2020-02-21 05:37:04,-16.5,-68.15,44.6,93,75,3.36
311,Nishihara,JP,2020-02-21 05:40:07,26.18,127.76,71.6,53,75,16.11
312,Kavaratti,IN,2020-02-21 05:40:08,10.57,72.64,84.2,74,20,4.7
313,Lugazi,UG,2020-02-21 05:40:08,0.38,32.92,69.8,94,20,1.7
314,Northam,GB,2020-02-21 05:36:11,51.03,-4.22,45.0,82,90,11.01
315,Nicolas Bravo,MX,2020-02-21 05:40:08,18.45,-88.92,68.29,98,0,0.69
316,Kodiak,US,2020-02-21 05:40:08,57.79,-152.41,33.8,59,75,27.49
317,Vila,PT,2020-02-21 05:35:09,42.03,-8.16,52.0,93,68,5.82
318,Westport,US,2020-02-21 05:35:44,41.14,-73.36,27.0,41,1,9.17
319,Coquimbo,CL,2020-02-21 05:35:42,-29.95,-71.34,60.8,87,90,5.82
320,Conde,BR,2020-02-21 05:40:09,-7.26,-34.91,75.2,100,100,4.7
321,Machali,CL,2020-02-21 05:40:09,-34.18,-70.67,55.08,41,0,2.19
322,Provideniya,RU,2020-02-21 05:40:09,64.38,-173.3,-0.4,70,0,6.71
323,Tacub,PH,2020-02-21 05:40:10,8.19,124.11,82.99,76,33,8.99
324,Albacete,ES,2020-02-21 05:40:10,38.83,-2.0,39.99,100,0,6.93
325,Urusha,RU,2020-02-21 05:40:10,54.05,122.9,8.47,85,100,2.46
326,Gushikawa,JP,2020-02-21 05:40:10,26.35,127.87,71.6,46,90,18.34
327,Tabou,CI,2020-02-21 05:40:10,4.42,-7.35,75.85,97,55,2.3
328,Rudbar,AF,2020-02-21 05:40:11,30.15,62.6,67.66,18,26,3.15
329,Port Hedland,AU,2020-02-21 05:40:11,-20.32,118.57,93.2,59,9,14.99
330,Yashalta,RU,2020-02-21 05:40:11,46.34,42.28,36.75,95,100,14.92
331,Severomuysk,RU,2020-02-21 05:40:11,56.15,113.43,9.18,80,78,4.05
332,Tibati,CM,2020-02-21 05:40:12,6.47,12.63,66.34,28,10,4.7
333,Roma,US,2020-02-21 05:37:33,43.21,-75.46,19.4,61,90,4.7
334,Izmaylovo,RU,2020-02-21 05:40:12,53.72,47.25,31.69,85,100,0.38
335,Romitan,UZ,2020-02-21 05:40:13,39.93,64.38,44.6,75,90,6.93
336,Quang Ngai,VN,2020-02-21 05:40:13,15.12,108.8,74.73,75,53,16.44
337,Khuzdar,PK,2020-02-21 05:40:13,27.74,66.64,58.3,23,73,4.36
338,Vostok,RU,2020-02-21 05:40:13,46.49,135.88,16.79,83,99,3.91
339,Tamparan,PH,2020-02-21 05:40:13,7.88,124.33,75.76,63,55,5.99
340,Ballina,AU,2020-02-21 05:40:13,-28.87,153.57,84.2,65,90,11.41
341,Chapleau,CA,2020-02-21 05:40:14,47.84,-83.4,16.11,89,100,13.98
342,Alamosa,US,2020-02-21 05:40:14,37.47,-105.87,23.0,57,1,4.7
343,Beloha,MG,2020-02-21 05:40:14,-25.17,45.05,89.01,42,0,3.31
344,Port Lincoln,AU,2020-02-21 05:40:14,-34.73,135.87,66.47,57,85,14.05
345,Vila Velha,BR,2020-02-21 05:36:07,-20.33,-40.29,80.6,94,4,9.17
346,Vigrestad,NO,2020-02-21 05:40:15,58.57,5.7,44.01,70,40,18.34
347,Labuhan,ID,2020-02-21 05:40:15,-6.88,112.21,84.07,81,34,10.04
348,Jasper,US,2020-02-21 05:37:12,37.2,-94.35,23.0,85,1,5.59
349,Ketchikan,US,2020-02-21 05:40:15,55.34,-131.65,39.2,100,90,42.5
350,Kidal,ML,2020-02-21 05:40:16,18.44,1.41,64.85,17,21,10.98
351,Cooma,AU,2020-02-21 05:40:16,-36.23,149.13,68.0,45,47,10.29
352,Cherskiy,RU,2020-02-21 05:40:16,68.75,161.3,-15.81,98,96,3.94
353,Nichinan,JP,2020-02-21 05:40:16,31.6,131.37,62.6,59,40,10.29
354,Burnie,AU,2020-02-21 05:39:54,-41.07,145.92,64.99,47,66,10.0
355,Terney,RU,2020-02-21 05:40:17,45.05,136.61,27.66,57,30,4.9
356,Sorong,ID,2020-02-21 05:40:17,-0.88,131.25,85.55,68,14,8.03
357,Camacha,PT,2020-02-21 05:40:17,33.08,-16.33,57.2,82,20,6.93
358,Chai Nat,TH,2020-02-21 05:39:49,15.19,100.12,99.0,27,4,15.48
359,Shingu,JP,2020-02-21 05:40:18,33.73,135.98,55.4,58,20,10.29
360,Sotnikovo,RU,2020-02-21 05:40:18,51.88,107.48,8.6,84,100,3.78
361,Suraabad,AZ,2020-02-21 05:40:18,40.82,49.47,44.6,81,75,13.87
362,Russell,US,2020-02-21 05:40:18,32.35,-85.2,44.01,81,90,10.29
363,Unguia,CO,2020-02-21 05:40:18,8.04,-77.09,75.45,89,80,1.59
364,Dilla,ET,2020-02-21 05:40:19,6.41,38.31,64.29,58,0,4.9
365,Zhanakorgan,KZ,2020-02-21 05:40:19,43.91,67.25,40.62,52,100,8.79
366,Aquiraz,BR,2020-02-21 05:40:19,-3.9,-38.39,78.8,83,20,9.17
367,Asau,RO,2020-02-21 05:40:19,46.43,26.4,32.0,100,60,2.24
368,Karratha,AU,2020-02-21 05:40:19,-20.74,116.85,82.33,84,50,12.21
369,Nanakuli,US,2020-02-21 05:40:20,21.39,-158.15,73.4,73,90,6.93
370,Eyl,SO,2020-02-21 05:36:14,7.98,49.82,78.51,75,74,16.17
371,Rosarito,MX,2020-02-21 05:40:20,32.33,-117.03,63.0,82,75,8.05
372,Puerto Madryn,AR,2020-02-21 05:40:20,-42.77,-65.04,49.33,79,0,9.08
373,Lompoc,US,2020-02-21 05:40:21,34.64,-120.46,52.0,87,1,5.39
374,Olinda,BR,2020-02-21 05:38:38,-8.01,-34.86,77.0,88,20,2.24
375,Atambua,ID,2020-02-21 05:40:21,-9.11,124.89,81.43,75,80,5.06
376,Zharkent,KZ,2020-02-21 05:40:21,44.16,80.0,39.42,36,58,1.57
377,Mayo,US,2020-02-21 05:40:22,38.89,-76.51,35.01,50,1,10.29
378,Lerwick,GB,2020-02-21 05:40:22,60.15,-1.15,44.6,81,70,31.09
379,Saldanha,ZA,2020-02-21 05:40:22,-33.01,17.94,64.87,88,0,10.63
380,Novosokolniki,RU,2020-02-21 05:40:22,56.35,30.16,32.22,86,53,6.4
381,Gunjur,GM,2020-02-21 05:40:23,13.2,-16.73,71.6,60,75,10.29
382,Bacani,RO,2020-02-21 05:40:23,46.33,27.67,30.2,100,62,2.24
383,Hiji,JP,2020-02-21 05:40:23,33.37,131.53,55.4,54,0,6.93
384,Storslett,NO,2020-02-21 05:40:23,69.77,21.02,28.4,100,75,5.82
385,Bowen,AU,2020-02-21 05:40:24,-20.02,148.23,91.4,59,40,11.41
386,Iskateley,RU,2020-02-21 05:40:24,67.68,53.15,7.11,88,46,12.44
387,Ukiah,US,2020-02-21 05:40:01,39.15,-123.21,53.01,57,1,2.71
388,Rovinj,HR,2020-02-21 05:40:24,45.08,13.64,43.0,59,19,4.7
389,Maningrida,AU,2020-02-21 05:40:25,-12.07,134.27,86.67,75,100,8.43
390,Maceio,BR,2020-02-21 05:36:28,-9.67,-35.74,73.4,94,40,2.24
391,Sinnamary,GF,2020-02-21 05:40:25,5.38,-52.95,78.1,77,96,14.0
392,Hualmay,PE,2020-02-21 05:40:25,-11.1,-77.61,70.66,86,100,3.09
393,Azangaro,PE,2020-02-21 05:40:25,-14.92,-70.22,41.25,95,95,0.78
394,Svetlyy,RU,2020-02-21 05:36:09,54.67,20.13,37.4,86,75,13.42
395,Morehead,US,2020-02-21 05:40:26,37.27,-87.18,28.4,54,1,11.41
396,Codrington,AU,2020-02-21 05:40:26,-38.27,141.97,58.37,68,28,13.96
397,Dunda,TZ,2020-02-21 05:40:26,-8.12,34.25,69.73,92,91,2.95
398,Iqaluit,CA,2020-02-21 05:40:26,63.75,-68.51,-36.0,58,20,10.29
399,Kaman,IN,2020-02-21 05:40:26,27.65,77.27,73.58,40,0,16.04
400,Bara,NG,2020-02-21 05:40:27,10.37,10.73,66.24,23,0,6.67
401,Saint-Augustin,CA,2020-02-21 05:40:27,51.23,-58.65,-11.36,82,0,18.63
402,Arman,RU,2020-02-21 05:40:27,59.7,150.17,-3.44,88,0,6.4
403,Tutoia,BR,2020-02-21 05:40:27,-2.76,-42.27,74.26,95,100,3.56
404,Gloversville,US,2020-02-21 05:40:28,43.05,-74.34,19.0,78,1,3.36
405,Nago,JP,2020-02-21 05:40:28,26.59,127.98,71.6,46,90,18.34
406,Umea,SE,2020-02-21 05:40:28,63.83,20.26,37.4,93,90,17.22
407,Vikhorevka,RU,2020-02-21 05:40:28,56.12,101.16,24.8,79,40,8.95
408,Coracora,PE,2020-02-21 05:40:28,-15.03,-73.78,50.83,81,100,1.05
409,Ust-Maya,RU,2020-02-21 05:40:29,60.42,134.53,-3.39,94,100,4.79
410,Sibuco,PH,2020-02-21 05:40:29,7.29,122.07,89.6,46,20,6.93
411,La Mana,EC,2020-02-21 05:40:29,-0.93,-79.22,50.0,87,75,4.7
412,San Policarpo,PH,2020-02-21 05:40:29,12.18,125.51,78.39,83,55,21.63
413,Shache,CN,2020-02-21 05:40:29,38.42,77.24,42.91,25,0,0.89
414,Bilma,NE,2020-02-21 05:40:30,18.69,12.92,59.23,22,54,9.53
415,Payo,ID,2020-02-21 05:40:30,-3.75,103.64,81.75,62,36,5.32
416,Mokhsogollokh,RU,2020-02-21 05:40:30,61.47,128.92,7.95,94,100,3.83
417,Smithers,CA,2020-02-21 05:39:00,54.78,-127.17,33.8,55,75,8.05
418,Tautira,PF,2020-02-21 05:40:30,-17.73,-149.15,84.2,66,40,4.7
419,Nome,US,2020-02-21 05:35:48,64.5,-165.41,6.8,71,90,12.75
420,Port Macquarie,AU,2020-02-21 05:40:31,-31.43,152.92,77.0,60,90,9.17
421,Jinchang,CN,2020-02-21 05:40:31,38.5,102.17,31.01,32,0,4.52
422,Ipil,PH,2020-02-21 05:40:31,7.75,122.52,82.8,65,28,6.93
423,Deputatskiy,RU,2020-02-21 05:40:32,69.3,139.9,-3.78,93,99,1.83
424,Pierre,US,2020-02-21 05:40:32,44.37,-100.35,28.99,63,1,9.17
425,Erzin,TR,2020-02-21 05:40:33,36.96,36.2,57.99,100,75,6.93
426,Barentu,ER,2020-02-21 05:40:33,15.11,37.59,72.9,38,83,1.54
427,Alyangula,AU,2020-02-21 05:40:33,-13.85,136.42,78.8,83,40,14.99
428,Celestun,MX,2020-02-21 05:40:33,20.87,-90.4,77.32,85,0,15.35
429,Kadhan,PK,2020-02-21 05:40:33,24.48,68.99,82.62,15,39,17.43
430,Santa Maria,BR,2020-02-21 05:38:20,-29.68,-53.81,55.49,83,2,4.41
431,Kostomuksha,RU,2020-02-21 05:40:34,64.57,30.58,26.53,88,100,16.15
432,Poum,NC,2020-02-21 05:40:34,-20.23,164.02,81.14,77,22,13.38
433,Nogliki,RU,2020-02-21 05:40:34,51.83,143.17,14.0,80,63,10.56
434,Vila Franca Do Campo,PT,2020-02-21 05:40:35,37.72,-25.43,51.8,71,75,5.82
435,Cabedelo,BR,2020-02-21 05:36:51,-6.98,-34.83,75.2,100,100,4.7
436,Merrill,US,2020-02-21 05:40:35,45.18,-89.68,6.01,50,1,9.17
437,Porto Murtinho,BR,2020-02-21 05:40:35,-21.7,-57.88,76.14,94,100,3.18
438,Arona,ES,2020-02-21 05:40:35,28.1,-16.68,64.0,71,0,12.75
439,Viedma,AR,2020-02-21 05:40:35,-40.81,-63.0,55.15,67,11,14.65
440,Asfi,MA,2020-02-21 05:40:36,32.3,-9.24,53.47,77,0,5.93
441,Kloulklubed,PW,2020-02-21 05:36:04,7.04,134.26,78.8,88,90,12.75
442,Mao,ES,2020-02-21 05:40:36,39.89,4.27,46.4,93,20,4.7
443,Carutapera,BR,2020-02-21 05:40:37,-1.2,-46.02,77.18,87,100,7.74
444,Neka,IR,2020-02-21 05:40:37,36.65,53.3,48.2,93,40,4.7
445,Thunder Bay,CA,2020-02-21 05:38:16,48.4,-89.32,16.0,56,5,5.82
446,Balkhash,KZ,2020-02-21 05:40:38,46.84,74.98,24.8,73,100,17.9
447,Marzuq,YE,2020-02-21 05:40:38,14.4,46.47,75.69,33,94,4.14
448,Pokhara,NP,2020-02-21 05:38:03,28.23,83.98,75.72,39,92,4.23
449,Fukue,JP,2020-02-21 05:40:38,32.69,128.84,60.8,67,75,11.41
450,Dakar,SN,2020-02-21 05:40:38,14.69,-17.44,69.8,94,79,18.34
451,Shevchenkove,UA,2020-02-21 05:40:39,49.7,37.17,30.2,92,98,4.47
452,Mtwara,TZ,2020-02-21 05:40:39,-10.27,40.18,81.95,88,71,5.03
453,Mosquera,CO,2020-02-21 05:36:47,4.71,-74.23,50.0,93,75,3.36
454,Vidim,RU,2020-02-21 05:40:40,56.41,103.11,22.86,90,100,10.04
455,Zhenlai,CN,2020-02-21 05:40:40,45.85,123.3,39.0,71,100,4.0
456,Tongliao,CN,2020-02-21 05:40:40,43.61,122.27,38.71,31,100,10.63
457,Shellbrook,CA,2020-02-21 05:40:40,53.22,-106.4,17.6,67,5,10.29
458,Gizo,SB,2020-02-21 05:40:40,-8.1,156.84,80.69,78,93,7.07
459,Kahului,US,2020-02-21 05:40:40,20.89,-156.47,73.4,64,20,23.04
460,Gorontalo,ID,2020-02-21 05:40:41,0.54,123.06,87.55,55,77,0.6
461,Beringovskiy,RU,2020-02-21 05:40:41,63.05,179.32,-15.65,86,0,2.8
462,Guadalupe Y Calvo,MX,2020-02-21 05:40:41,26.1,-106.97,52.2,69,18,6.29
463,Gwadar,PK,2020-02-21 05:40:41,25.12,62.33,72.99,67,100,10.89
464,Puerto Del Rosario,ES,2020-02-21 05:40:41,28.5,-13.86,60.8,82,2,8.05
465,Pangnirtung,CA,2020-02-21 05:40:42,66.15,-65.71,-38.07,98,71,1.34
466,Karaton,ID,2020-02-21 05:40:42,-6.34,106.1,86.0,70,40,13.87
467,The Valley,AI,2020-02-21 05:40:42,18.22,-63.06,77.0,69,20,11.41
468,Umm Lajj,SA,2020-02-21 05:40:42,25.02,37.27,67.82,25,0,4.83
469,Kayseri,TR,2020-02-21 05:40:43,38.74,35.5,26.6,92,75,1.12
470,Wagar,SD,2020-02-21 05:40:43,16.15,36.2,66.79,56,25,11.14
471,Mahenge,TZ,2020-02-21 05:40:43,-8.68,36.72,80.46,82,23,2.55
472,Alofi,NU,2020-02-21 05:40:43,-19.06,-169.92,80.6,94,75,4.7
473,Campbell River,CA,2020-02-21 05:40:43,50.02,-125.24,33.8,100,40,3.36
474,Zabid,YE,2020-02-21 05:40:44,14.2,43.32,76.33,71,82,4.9
475,Kerrobert,CA,2020-02-21 05:40:01,51.92,-109.13,15.8,85,5,5.82
476,Mastic Beach,US,2020-02-21 05:40:44,40.77,-72.85,27.0,42,1,12.75
477,Birao,CF,2020-02-21 05:40:44,10.28,22.79,71.8,23,81,14.92
478,Kieta,PG,2020-02-21 05:39:07,-6.22,155.63,85.12,68,56,4.03
479,Sibolga,ID,2020-02-21 05:36:44,1.74,98.78,90.91,46,1,5.91
480,Katsuura,JP,2020-02-21 05:40:45,35.13,140.3,60.01,54,20,4.7
481,Acapulco,MX,2020-02-21 05:40:45,16.86,-99.89,77.0,83,5,3.65
482,Atar,MR,2020-02-21 05:40:45,20.52,-13.05,69.35,12,0,12.15
483,Miri,MY,2020-02-21 05:40:46,4.41,114.01,91.4,66,75,11.41
484,Sao Joao Da Barra,BR,2020-02-21 05:40:46,-21.64,-41.05,75.96,90,10,9.44
485,Ambunti,PG,2020-02-21 05:40:46,-4.24,142.84,90.64,57,54,4.03
486,Clyde River,CA,2020-02-21 05:40:47,70.47,-68.59,-9.4,76,90,12.75
487,Cotonou,BJ,2020-02-21 05:40:48,6.37,2.42,82.4,88,20,2.24
488,Kardla,EE,2020-02-21 05:40:48,59.0,22.75,36.0,93,90,13.87
489,Alekseyevsk,RU,2020-02-21 05:40:48,57.84,108.35,23.81,93,100,12.24
490,Derzhavinsk,KZ,2020-02-21 05:40:48,51.1,66.32,18.16,81,100,4.94
491,Nowy Dwor Gdanski,PL,2020-02-21 05:40:49,54.21,19.12,39.99,86,75,11.41
492,Novaya Igirma,RU,2020-02-21 05:40:49,57.13,103.91,24.76,88,100,9.91
493,Shiyan,CN,2020-02-21 05:40:49,32.65,110.78,57.0,53,34,6.69
494,Corrente,BR,2020-02-21 05:40:49,-3.74,-43.34,72.68,99,100,3.47
495,Pogranichnyy,RU,2020-02-21 05:40:49,44.41,131.38,25.61,93,100,3.62
496,Centralia,US,2020-02-21 05:40:50,46.72,-122.95,39.99,100,1,1.59
497,Salamanca,ES,2020-02-21 05:40:50,40.83,-6.0,32.0,92,4,9.19
498,Taber,CA,2020-02-21 05:40:50,49.82,-112.15,37.4,32,5,25.28
499,Bolu,TR,2020-02-21 05:40:50,40.67,31.58,33.58,98,100,4.29
500,Grand Gaube,MU,2020-02-21 05:40:50,-20.01,57.66,82.0,78,75,8.05
501,Nuevo Ideal,MX,2020-02-21 05:40:51,24.89,-105.07,55.0,68,0,3.44
502,Talnakh,RU,2020-02-21 05:40:51,69.49,88.4,14.0,85,97,8.95
503,Cheney,US,2020-02-21 05:40:51,47.49,-117.58,32.0,79,1,2.89
504,Barra Patuca,HN,2020-02-21 05:40:51,15.8,-84.28,79.66,79,11,9.4
505,Niles,US,2020-02-21 05:40:10,42.02,-87.8,15.01,56,1,4.7
506,Kuybyshevo,RU,2020-02-21 05:40:52,47.81,38.91,32.5,97,100,11.97
507,Saint-Georges,GD,2020-02-21 05:40:52,12.06,-61.75,78.8,74,20,13.87
508,Batemans Bay,AU,2020-02-21 05:40:52,-35.72,150.18,68.0,66,92,3.0
509,Nouadhibou,MR,2020-02-21 05:40:53,20.93,-17.03,64.4,68,0,20.8
510,Parrita,CR,2020-02-21 05:40:53,9.52,-84.32,71.6,78,20,11.41
511,Sicamous,CA,2020-02-21 05:40:53,50.83,-118.99,25.0,92,40,0.98
512,Adeje,ES,2020-02-21 05:40:53,28.12,-16.73,64.0,71,0,12.75
513,Togur,RU,2020-02-21 05:40:53,58.36,82.83,27.88,95,99,7.34
514,Luz,BR,2020-02-21 05:40:54,-19.8,-45.69,69.35,91,91,2.17
515,San Luis,AR,2020-02-21 05:36:06,-33.3,-66.34,69.03,18,100,23.17
516,Anito,PH,2020-02-21 05:40:54,12.45,125.29,79.11,79,53,26.31
517,Selenginsk,RU,2020-02-21 05:40:54,52.01,106.86,8.6,84,99,3.91
518,Cazzago San Martino,IT,2020-02-21 05:40:55,45.59,10.04,41.0,93,5,3.36
519,Mayskiy,RU,2020-02-21 05:40:55,47.69,40.1,34.0,100,75,17.9
520,Opuwo,NA,2020-02-21 05:40:55,-18.06,13.84,72.16,33,100,0.89
521,Snezhnogorsk,RU,2020-02-21 05:40:55,69.19,33.25,23.0,53,100,6.71
522,Lensk,RU,2020-02-21 05:40:55,60.73,114.93,19.33,91,100,10.76
523,Pervomayskoye,RU,2020-02-21 05:40:56,43.92,46.71,39.6,79,100,8.01
524,Raton,US,2020-02-21 05:40:56,36.9,-104.44,28.4,85,1,5.82
525,Ankang,CN,2020-02-21 05:40:56,32.68,109.02,57.04,45,83,1.52
526,Sitka,US,2020-02-21 05:40:56,57.05,-135.33,41.0,80,90,10.29
527,Nelson Bay,AU,2020-02-21 05:40:56,-32.72,152.15,78.01,60,90,13.87
528,Escanaba,US,2020-02-21 05:38:59,45.75,-87.06,12.0,46,1,13.87
529,Zhuhai,CN,2020-02-21 05:40:57,22.28,113.57,81.0,72,20,8.05
530,Show Low,US,2020-02-21 05:40:57,34.25,-110.03,41.0,47,1,5.82
531,Mehamn,NO,2020-02-21 05:40:57,71.04,27.85,26.6,92,75,47.2
532,Port Blair,IN,2020-02-21 05:40:58,11.67,92.75,86.0,70,20,11.41
533,Bestobe,KZ,2020-02-21 05:40:58,52.5,73.1,16.75,82,98,8.72
534,Teknaf,BD,2020-02-21 05:40:58,20.86,92.31,92.05,17,0,2.91
535,Marathon,US,2020-02-21 05:40:59,44.9,-89.77,6.8,54,1,10.29
536,Port Jervis,US,2020-02-21 05:40:59,41.38,-74.69,25.0,57,1,3.36
537,Rincon,US,2020-02-21 05:39:48,32.3,-81.24,43.0,87,90,17.22
538,Joanopolis,BR,2020-02-21 05:40:59,-22.93,-46.28,71.6,94,100,2.77
539,Emba,KZ,2020-02-21 05:40:59,48.83,58.14,20.53,86,99,7.7
540,Kamenka,RU,2020-02-21 05:41:00,51.32,42.77,34.0,90,96,3.58
541,Tsaratanana,MG,2020-02-21 05:41:00,-16.78,47.65,75.34,78,87,4.92
542,Aswan,EG,2020-02-21 05:41:00,24.09,32.91,57.6,38,0,9.01
543,Kangalassy,RU,2020-02-21 05:41:00,62.35,129.96,-7.6,83,100,4.47
544,Waterloo,CA,2020-02-21 05:36:37,43.47,-80.52,16.0,85,1,5.82
545,Coihaique,CL,2020-02-21 05:41:01,-45.58,-72.07,42.8,93,0,2.24
546,Abu Samrah,SY,2020-02-21 05:40:58,35.3,37.18,51.78,75,58,13.67
547,Kerman,IR,2020-02-21 05:41:01,30.28,57.08,57.2,30,20,9.17
548,Tipitapa,NI,2020-02-21 05:41:02,12.2,-86.1,74.23,73,18,9.13
549,Cumberland,US,2020-02-21 05:38:47,35.05,-78.87,35.6,96,90,10.29
550,Yar-Sale,RU,2020-02-21 05:41:03,66.83,70.83,12.9,90,94,17.11
